Study,Architecture,Model,Hardware,N,Method,M,T,Fidelity,E_inference_uJ,E_training_mJ,Speedup,n_params,Time_sec,Steps
Capacity_sweep,SCNN,CNN,GPU,5,M1,,8,0.878066,19.49022,,,426480,1.81,500
Capacity_sweep,SCNN,CNN,GPU,5,M1,,8,0.861175,39.274632,,,854688,1.51,500
Capacity_sweep,SCNN,CNN,GPU,5,M1,,8,0.858222,79.726032,,,1716288,1.85,500
Capacity_sweep,SCNN,CNN,GPU,5,M1,,8,0.851771,164.159136,,,3460224,2.37,500
Capacity_sweep,SCNN,CNN,GPU,5,M1,,8,0.854767,347.14656,,,7031040,3.49,500
Capacity_sweep,SCNN,CNN,GPU,5,M1,,8,0.846807,769.606272,,,14504448,5.04,500
Capacity_sweep,SCNN,CNN,GPU,5,M1,,8,0.862328,157.861248,,,3423232,2.51,500
Capacity_sweep,SCNN,CNN,GPU,5,M1,,8,0.855522,170.457024,,,3497216,3.59,500
Capacity_sweep,SCNN,CNN,GPU,5,M1,,8,0.855685,176.754912,,,3534208,4.41,500
Capacity_sweep,SCNN,SCNN-Crossbar-4b,Crossbar-4b,5,M1,,8,0.821658,0.01163,,,428896,13.23,500
Capacity_sweep,SCNN,SCNN-Crossbar-4b,Crossbar-4b,5,M1,,8,0.803711,0.02326,,,857472,18.07,500
Capacity_sweep,SCNN,SCNN-Crossbar-4b,Crossbar-4b,5,M1,,8,0.750845,0.046528,,,1719808,31.54,500
Capacity_sweep,SCNN,SCNN-Crossbar-4b,Crossbar-4b,5,M1,,8,0.754353,0.093096,,,3465216,59.64,500
Capacity_sweep,SCNN,SCNN-Crossbar-4b,Crossbar-4b,5,M1,,8,0.783609,0.186366,,,7038976,105.05,500
Capacity_sweep,SCNN,SCNN-Crossbar-4b,Crossbar-4b,5,M1,,8,0.752552,0.373437,,,14518272,191.51,500
Capacity_sweep,SCNN,SCNN-Crossbar-4b,Crossbar-4b,5,M1,,8,0.751196,0.046753,,,3428352,59.88,500
Capacity_sweep,SCNN,SCNN-Crossbar-4b,Crossbar-4b,5,M1,,8,0.747474,0.13944,,,3502080,69.88,500
Capacity_sweep,SCNN,SCNN-Crossbar-4b,Crossbar-4b,5,M1,,8,0.753225,0.185784,,,3538944,73.43,500
Capacity_sweep,SCNN,SCNN-Crossbar-8b,Crossbar-8b,5,M1,,8,0.827053,0.043502,,,428896,13.22,500
Capacity_sweep,SCNN,SCNN-Crossbar-8b,Crossbar-8b,5,M1,,8,0.817491,0.087004,,,857472,18.08,500
Capacity_sweep,SCNN,SCNN-Crossbar-8b,Crossbar-8b,5,M1,,8,0.80713,0.174016,,,1719808,31.08,500
Capacity_sweep,SCNN,SCNN-Crossbar-8b,Crossbar-8b,5,M1,,8,0.751907,0.348072,,,3465216,59.23,500
Capacity_sweep,SCNN,SCNN-Crossbar-8b,Crossbar-8b,5,M1,,8,0.745375,0.696318,,,7038976,104.13,500
Capacity_sweep,SCNN,SCNN-Crossbar-8b,Crossbar-8b,5,M1,,8,0.741969,1.393341,,,14518272,196.6,500
Capacity_sweep,SCNN,SCNN-Crossbar-8b,Crossbar-8b,5,M1,,8,0.749657,0.172705,,,3428352,60.71,500
Capacity_sweep,SCNN,SCNN-Crossbar-8b,Crossbar-8b,5,M1,,8,0.771706,0.52344,,,3502080,71.31,500
Capacity_sweep,SCNN,SCNN-Crossbar-8b,Crossbar-8b,5,M1,,8,0.756781,0.698808,,,3538944,75.08,500
Capacity_sweep,SCNN,SCNN-Norse,Loihi,5,M1,,8,0.763375,0.091074,,,428896,7.16,500
Capacity_sweep,SCNN,SCNN-Norse,Loihi,5,M1,,8,0.751794,0.118886,,,857472,8.49,500
Capacity_sweep,SCNN,SCNN-Norse,Loihi,5,M1,,8,0.752741,0.174845,,,1719808,11.95,500
Capacity_sweep,SCNN,SCNN-Norse,Loihi,5,M1,,8,0.755501,0.288106,,,3465216,19.1,500
Capacity_sweep,SCNN,SCNN-Norse,Loihi,5,M1,,8,0.764379,0.520003,,,7038976,31.46,500
Capacity_sweep,SCNN,SCNN-Norse,Loihi,5,M1,,8,0.775994,1.005296,,,14518272,57.15,500
Capacity_sweep,SCNN,SCNN-Norse,Loihi,5,M1,,8,0.764879,0.254096,,,3428352,21.76,500
Capacity_sweep,SCNN,SCNN-Norse,Loihi,5,M1,,8,0.743736,0.322116,,,3502080,31.22,500
Capacity_sweep,SCNN,SCNN-Norse,Loihi,5,M1,,8,0.760765,0.356125,,,3538944,32.31,500
Capacity_sweep,SCNN,CNN,GPU,5,M2,,8,0.692431,90.10992,,,529280,4.28,500
Capacity_sweep,SCNN,CNN,GPU,5,M2,,8,0.780527,180.514032,,,1060288,4.84,500
Capacity_sweep,SCNN,CNN,GPU,5,M2,,8,0.72035,362.204832,,,2127488,5.65,500
Capacity_sweep,SCNN,CNN,GPU,5,M2,,8,0.733926,729.116736,,,4282624,6.07,500
Capacity_sweep,SCNN,CNN,GPU,5,M2,,8,0.776553,1477.06176,,,8675840,8.26,500
Capacity_sweep,SCNN,CNN,GPU,5,M2,,8,0.753041,3029.436672,,,17794048,13.07,500
Capacity_sweep,SCNN,CNN,GPU,5,M2,,8,0.780421,722.818848,,,4245632,5.11,500
Capacity_sweep,SCNN,CNN,GPU,5,M2,,8,0.745642,735.414624,,,4319616,6.72,500
Capacity_sweep,SCNN,CNN,GPU,5,M2,,8,0.776552,741.712512,,,4356608,6.78,500
Capacity_sweep,SCNN,SCNN-Crossbar-4b,Crossbar-4b,5,M2,,8,0.828253,0.012294,,,531696,42.7,500
Capacity_sweep,SCNN,SCNN-Crossbar-4b,Crossbar-4b,5,M2,,8,0.824947,0.024587,,,1063072,66.42,500
Capacity_sweep,SCNN,SCNN-Crossbar-4b,Crossbar-4b,5,M2,,8,0.846764,0.049182,,,2131008,115.76,500
Capacity_sweep,SCNN,SCNN-Crossbar-4b,Crossbar-4b,5,M2,,8,0.813842,0.098406,,,4287616,195.88,500
Capacity_sweep,SCNN,SCNN-Crossbar-4b,Crossbar-4b,5,M2,,8,0.815283,0.196985,,,8683776,387.68,500
Capacity_sweep,SCNN,SCNN-Crossbar-4b,Crossbar-4b,5,M2,,8,0.80055,0.394675,,,17807872,770.67,500
Capacity_sweep,SCNN,SCNN-Crossbar-4b,Crossbar-4b,5,M2,,8,0.826947,0.052062,,,4250752,191.52,500
Capacity_sweep,SCNN,SCNN-Crossbar-4b,Crossbar-4b,5,M2,,8,0.79393,0.14475,,,4324480,203.62,500
Capacity_sweep,SCNN,SCNN-Crossbar-4b,Crossbar-4b,5,M2,,8,0.806498,0.191093,,,4361344,210.16,500
Capacity_sweep,SCNN,SCNN-Crossbar-8b,Crossbar-8b,5,M2,,8,0.853302,0.044166,,,531696,42.72,500
Capacity_sweep,SCNN,SCNN-Crossbar-8b,Crossbar-8b,5,M2,,8,0.838104,0.088331,,,1063072,66.06,500
Capacity_sweep,SCNN,SCNN-Crossbar-8b,Crossbar-8b,5,M2,,8,0.833637,0.17667,,,2131008,114.57,500
Capacity_sweep,SCNN,SCNN-Crossbar-8b,Crossbar-8b,5,M2,,8,0.793644,0.353382,,,4287616,197.72,500
Capacity_sweep,SCNN,SCNN-Crossbar-8b,Crossbar-8b,5,M2,,8,0.840329,0.706937,,,8683776,392.01,500
Capacity_sweep,SCNN,SCNN-Crossbar-8b,Crossbar-8b,5,M2,,8,0.771635,1.414579,,,17807872,772.8,500
Capacity_sweep,SCNN,SCNN-Crossbar-8b,Crossbar-8b,5,M2,,8,0.806474,0.178014,,,4250752,192.22,500
Capacity_sweep,SCNN,SCNN-Crossbar-8b,Crossbar-8b,5,M2,,8,0.842313,0.52875,,,4324480,201.61,500
Capacity_sweep,SCNN,SCNN-Crossbar-8b,Crossbar-8b,5,M2,,8,0.864004,0.704117,,,4361344,210.06,500
Capacity_sweep,SCNN,SCNN-Norse,Loihi,5,M2,,8,0.799093,0.117953,,,531696,18.21,500
Capacity_sweep,SCNN,SCNN-Norse,Loihi,5,M2,,8,0.831543,0.172644,,,1063072,21.87,500
Capacity_sweep,SCNN,SCNN-Norse,Loihi,5,M2,,8,0.786394,0.282361,,,2131008,32.38,500
Capacity_sweep,SCNN,SCNN-Norse,Loihi,5,M2,,8,0.791813,0.503138,,,4287616,45.13,500
Capacity_sweep,SCNN,SCNN-Norse,Loihi,5,M2,,8,0.837195,0.950067,,,8683776,76.07,500
Capacity_sweep,SCNN,SCNN-Norse,Loihi,5,M2,,8,0.843179,1.865425,,,17807872,141.79,500
Capacity_sweep,SCNN,SCNN-Norse,Loihi,5,M2,,8,0.795423,0.469128,,,4250752,37.62,500
Capacity_sweep,SCNN,SCNN-Norse,Loihi,5,M2,,8,0.776553,0.537148,,,4324480,50.05,500
Capacity_sweep,SCNN,SCNN-Norse,Loihi,5,M2,,8,0.82872,0.571158,,,4361344,54.76,500
M_sweep,SCNN,Crossbar-4b,Crossbar-4b,8,M1,8,8,0.521534,0.105384,,,8648704,418.22,500
M_sweep,SCNN,Crossbar-4b,Crossbar-4b,8,M1,16,8,0.583249,0.105488,,,8714240,421.45,500
M_sweep,SCNN,Crossbar-4b,Crossbar-4b,8,M1,32,8,0.725912,0.105698,,,8845312,428.27,500
M_sweep,SCNN,Crossbar-4b,Crossbar-4b,8,M1,64,8,0.729334,0.106118,,,9107456,451.43,500
M_sweep,SCNN,Crossbar-4b,Crossbar-4b,8,M1,128,8,0.783119,0.106956,,,9631744,485.03,500
M_sweep,SCNN,Crossbar-4b,Crossbar-4b,8,M1,256,8,0.810961,0.108634,,,10680320,554.89,500
M_sweep,SCNN,Crossbar-4b,Crossbar-4b,8,M1,512,8,0.817586,0.11199,,,12777472,697.89,500
M_sweep,SCNN,Crossbar-4b,Crossbar-4b,8,M1,720,8,0.816417,0.114716,,,14481408,787.4,500
M_sweep,SCNN,Crossbar-4b,Crossbar-4b,8,M1,1024,8,0.828505,0.1187,,,16971776,944.38,500
M_sweep,SCNN,Crossbar-8b,Crossbar-8b,8,M1,8,8,0.557486,0.36036,,,8648704,415.73,500
M_sweep,SCNN,Crossbar-8b,Crossbar-8b,8,M1,16,8,0.759993,0.360464,,,8714240,420.54,500
M_sweep,SCNN,Crossbar-8b,Crossbar-8b,8,M1,32,8,0.743883,0.360674,,,8845312,433.77,500
M_sweep,SCNN,Crossbar-8b,Crossbar-8b,8,M1,64,8,0.808368,0.361094,,,9107456,446.84,500
M_sweep,SCNN,Crossbar-8b,Crossbar-8b,8,M1,128,8,0.820971,0.361932,,,9631744,487.81,500
M_sweep,SCNN,Crossbar-8b,Crossbar-8b,8,M1,256,8,0.815157,0.36361,,,10680320,559.83,500
M_sweep,SCNN,Crossbar-8b,Crossbar-8b,8,M1,512,8,0.821032,0.366966,,,12777472,698.3,500
M_sweep,SCNN,Crossbar-8b,Crossbar-8b,8,M1,720,8,0.810393,0.369692,,,14481408,788.79,500
M_sweep,SCNN,Crossbar-8b,Crossbar-8b,8,M1,1024,8,0.816145,0.373676,,,16971776,947.72,500
M_sweep,SCNN,Norse-Simple2D,Loihi,8,M1,8,8,0.514666,4.924151,,,8648704,90.36,500
M_sweep,SCNN,Norse-Simple2D,Loihi,8,M1,16,8,0.775059,4.928397,,,8714240,87.1,500
M_sweep,SCNN,Norse-Simple2D,Loihi,8,M1,32,8,0.76707,4.936891,,,8845312,91.17,500
M_sweep,SCNN,Norse-Simple2D,Loihi,8,M1,64,8,0.781183,4.953878,,,9107456,98.14,500
M_sweep,SCNN,Norse-Simple2D,Loihi,8,M1,128,8,0.82129,4.987852,,,9631744,118.58,500
M_sweep,SCNN,Norse-Simple2D,Loihi,8,M1,256,8,0.831489,5.055799,,,10680320,140.37,500
M_sweep,SCNN,Norse-Simple2D,Loihi,8,M1,512,8,0.828399,5.191695,,,12777472,207.52,500
M_sweep,SCNN,Norse-Simple2D,Loihi,8,M1,720,8,0.831564,5.30211,,,14481408,239.01,500
M_sweep,SCNN,Norse-Simple2D,Loihi,8,M1,1024,8,0.829322,5.463486,,,16971776,300.38,500
M_sweep,SCNN,Crossbar-4b,Crossbar-4b,8,M2,2,8,0.827235,0.11199,,,12777472,607.67,500
M_sweep,SCNN,Crossbar-4b,Crossbar-4b,8,M2,4,8,0.835795,0.1187,,,16971776,788.88,500
M_sweep,SCNN,Crossbar-4b,Crossbar-4b,8,M2,8,8,0.825756,0.132122,,,25360384,1169.74,500
M_sweep,SCNN,Crossbar-4b,Crossbar-4b,8,M2,12,8,0.83722,0.145544,,,33748992,1547.39,500
M_sweep,SCNN,Crossbar-4b,Crossbar-4b,8,M2,16,8,0.820979,0.158966,,,42137600,1904.61,500
M_sweep,SCNN,Crossbar-4b,Crossbar-4b,8,M2,24,8,0.834139,0.185809,,,58914816,3030.53,500
M_sweep,SCNN,Crossbar-4b,Crossbar-4b,8,M2,32,8,0.822532,0.212653,,,75692032,26245.47,500
M_sweep,SCNN,Crossbar-4b,Crossbar-4b,8,M2,40,8,0.824957,0.239496,,,92469248,4365.13,500
M_sweep,SCNN,Crossbar-4b,Crossbar-4b,8,M2,48,8,0.823108,0.26634,,,109246464,5055.93,500
M_sweep,SCNN,Crossbar-4b,Crossbar-4b,8,M2,64,8,0.808114,0.320027,,,142800896,6394.76,500
M_sweep,SCNN,Crossbar-8b,Crossbar-8b,8,M2,2,8,0.746736,0.366966,,,12777472,599.46,500
M_sweep,SCNN,Crossbar-8b,Crossbar-8b,8,M2,4,8,0.712607,0.373676,,,16971776,786.52,500
M_sweep,SCNN,Crossbar-8b,Crossbar-8b,8,M2,8,8,0.694891,0.387098,,,25360384,3946.15,500
M_sweep,SCNN,Crossbar-8b,Crossbar-8b,8,M2,12,8,0.718923,0.40052,,,33748992,1548.08,500
M_sweep,SCNN,Crossbar-8b,Crossbar-8b,8,M2,16,8,0.689922,0.413942,,,42137600,1909.37,500
M_sweep,SCNN,Crossbar-8b,Crossbar-8b,8,M2,24,8,0.671155,0.440785,,,58914816,3030.98,500
M_sweep,SCNN,Crossbar-8b,Crossbar-8b,8,M2,32,8,0.66919,0.467629,,,75692032,3730.42,500
M_sweep,SCNN,Crossbar-8b,Crossbar-8b,8,M2,40,8,0.65355,0.494472,,,92469248,5388.32,500
M_sweep,SCNN,Crossbar-8b,Crossbar-8b,8,M2,48,8,0.623419,0.521316,,,109246464,5075.38,500
M_sweep,SCNN,Crossbar-8b,Crossbar-8b,8,M2,64,8,0.636159,0.575003,,,142800896,18011.57,500
M_sweep,SCNN,Norse-Simple2D,Loihi,8,M2,2,8,0.793545,5.191695,,,12777472,118.63,500
M_sweep,SCNN,Norse-Simple2D,Loihi,8,M2,4,8,0.81616,5.463486,,,16971776,143.09,500
M_sweep,SCNN,Norse-Simple2D,Loihi,8,M2,8,8,0.816985,6.007067,,,25360384,222.41,500
M_sweep,SCNN,Norse-Simple2D,Loihi,8,M2,12,8,0.806425,6.550649,,,33748992,287.72,500
M_sweep,SCNN,Norse-Simple2D,Loihi,8,M2,16,8,0.810602,7.094231,,,42137600,342.82,500
M_sweep,SCNN,Norse-Simple2D,Loihi,8,M2,24,8,0.795528,8.181395,,,58914816,661.53,500
M_sweep,SCNN,Norse-Simple2D,Loihi,8,M2,32,8,0.790972,9.268558,,,75692032,777.01,500
M_sweep,SCNN,Norse-Simple2D,Loihi,8,M2,40,8,0.775218,10.355722,,,92469248,838.51,500
M_sweep,SCNN,Norse-Simple2D,Loihi,8,M2,48,8,0.769169,11.442885,,,109246464,927.05,500
M_sweep,SCNN,Norse-Simple2D,Loihi,8,M2,64,8,0.745437,13.617213,,,142800896,1129.95,500
SCNN_benchmark,SCNN,CNN-Simple2D,GPU,3,M1,256,8,0.8803,16.15,27542.6,,,,500
SCNN_benchmark,SCNN,CNN-Up2D-Paper,GPU,3,M1,256,8,0.7845,10.05,18507.8,,,,500
SCNN_benchmark,SCNN,SCNN-Crossbar-Simple2D-4b,Crossbar-4b,3,M1,256,8,0.7945,0.0917,265511.0,,,,500
SCNN_benchmark,SCNN,SCNN-Crossbar-Simple2D-8b,Crossbar-8b,3,M1,256,8,0.8026,0.3467,266204.9,,,,500
SCNN_benchmark,SCNN,SCNN-Norse-Simple2D,Loihi,3,M1,256,8,0.8785,0.109,143879.4,,,,500
SCNN_benchmark,SCNN,SCNN-Norse-Up2D,Loihi,3,M1,256,8,0.5974,0.0848,167739.8,,,,500
SCNN_benchmark,SCNN,CNN-Simple2D,GPU,4,M1,256,8,0.8637,43.28,69051.6,,,,500
SCNN_benchmark,SCNN,CNN-Up2D-Paper,GPU,4,M1,256,8,0.772,11.67,27996.9,,,,500
SCNN_benchmark,SCNN,SCNN-Crossbar-Simple2D-4b,Crossbar-4b,4,M1,256,8,0.8287,0.092,1334167.5,,,,500
SCNN_benchmark,SCNN,SCNN-Crossbar-Simple2D-8b,Crossbar-8b,4,M1,256,8,0.8201,0.3469,1318412.3,,,,500
SCNN_benchmark,SCNN,SCNN-Norse-Simple2D,Loihi,4,M1,256,8,0.8456,0.1589,574900.5,,,,500
SCNN_benchmark,SCNN,SCNN-Norse-Up2D,Loihi,4,M1,256,8,0.4859,0.0884,255260.9,,,,500
SCNN_benchmark,SCNN,CNN-Simple2D,GPU,5,M1,256,8,0.8559,164.16,138312.5,,,,500
SCNN_benchmark,SCNN,CNN-Up2D-Paper,GPU,5,M1,256,8,0.7928,31.09,201672.9,,,,500
SCNN_benchmark,SCNN,SCNN-Crossbar-Simple2D-4b,Crossbar-4b,5,M1,256,8,0.8144,0.0931,3882765.0,,,,500
SCNN_benchmark,SCNN,SCNN-Crossbar-Simple2D-8b,Crossbar-8b,5,M1,256,8,0.8288,0.3481,3746863.4,,,,500
SCNN_benchmark,SCNN,SCNN-Norse-Simple2D,Loihi,5,M1,256,8,0.8277,0.2881,1108826.0,,,,500
SCNN_benchmark,SCNN,SCNN-Norse-Up2D,Loihi,5,M1,256,8,0.4876,0.1077,2568116.9,,,,500
SCNN_benchmark,SCNN,CNN-Simple2D,GPU,6,M1,256,8,0.8532,299.55,682478.3,,,,500
SCNN_benchmark,SCNN,CNN-Up2D-Paper,GPU,6,M1,256,8,0.7978,99.16,524376.8,,,,500
SCNN_benchmark,SCNN,SCNN-Crossbar-Simple2D-4b,Crossbar-4b,6,M1,256,8,0.8169,0.0944,12615852.5,,,,500
SCNN_benchmark,SCNN,SCNN-Crossbar-Simple2D-8b,Crossbar-8b,6,M1,256,8,0.8377,0.3494,12476757.0,,,,500
SCNN_benchmark,SCNN,SCNN-Norse-Simple2D,Loihi,6,M1,256,8,0.8387,0.5733,3737665.8,,,,500
SCNN_benchmark,SCNN,SCNN-Norse-Up2D,Loihi,6,M1,256,8,0.4025,0.1811,6291788.5,,,,500
SCNN_benchmark,SCNN,CNN-Simple2D,GPU,7,M1,256,8,0.8517,639.86,1970004.6,,,,500
SCNN_benchmark,SCNN,CNN-Up2D-Paper,GPU,7,M1,256,8,0.6217,366.94,3934989.7,,,,500
SCNN_benchmark,SCNN,SCNN-Crossbar-Simple2D-4b,Crossbar-4b,7,M1,256,8,0.8138,0.0976,24863297.4,,,,500
SCNN_benchmark,SCNN,SCNN-Crossbar-Simple2D-8b,Crossbar-8b,7,M1,256,8,0.8203,0.3526,24673692.0,,,,500
SCNN_benchmark,SCNN,SCNN-Norse-Simple2D,Loihi,7,M1,256,8,0.8266,1.5149,8113297.7,,,,500
SCNN_benchmark,SCNN,SCNN-Norse-Up2D,Loihi,7,M1,256,8,0.3948,0.4732,37326543.5,,,,500
SCNN_benchmark,SCNN,CNN-Simple2D,GPU,8,M1,256,8,0.7173,1794.66,8071139.7,,,,500
SCNN_benchmark,SCNN,CNN-Up2D-Paper,GPU,8,M1,256,8,0.6916,1438.06,17163315.8,,,,500
SCNN_benchmark,SCNN,SCNN-Crossbar-Simple2D-4b,Crossbar-4b,8,M1,256,8,0.8068,0.1086,64813212.7,,,,500
SCNN_benchmark,SCNN,SCNN-Crossbar-Simple2D-8b,Crossbar-8b,8,M1,256,8,0.8199,0.3636,64138841.4,,,,500
SCNN_benchmark,SCNN,SCNN-Norse-Simple2D,Loihi,8,M1,256,8,0.8241,5.0558,18044487.8,,,,500
SCNN_benchmark,SCNN,SCNN-Norse-Up2D,Loihi,8,M1,256,8,0.3556,1.6414,143029651.3,,,,500
SCNN_benchmark,SCNN,CNN-Simple2D,GPU,3,M2,4,8,0.8789,17.13,103601.2,,,,500
SCNN_benchmark,SCNN,CNN-Up2D-Paper,GPU,3,M2,4,8,0.81,10.08,36118.2,,,,500
SCNN_benchmark,SCNN,SCNN-Crossbar-Simple2D-4b,Crossbar-4b,3,M2,4,8,0.9088,0.0917,1599640.3,,,,500
SCNN_benchmark,SCNN,SCNN-Crossbar-Simple2D-8b,Crossbar-8b,3,M2,4,8,0.8916,0.3467,1634241.4,,,,500
SCNN_benchmark,SCNN,SCNN-Norse-Simple2D,Loihi,3,M2,4,8,0.912,0.1094,851165.1,,,,500
SCNN_benchmark,SCNN,SCNN-Norse-Up2D,Loihi,3,M2,4,8,0.0,0.0849,276268.6,,,,500
SCNN_benchmark,SCNN,CNN-Simple2D,GPU,4,M2,4,8,0.8581,37.35,152567.9,,,,500
SCNN_benchmark,SCNN,CNN-Up2D-Paper,GPU,4,M2,4,8,0.8068,11.3,67628.1,,,,500
SCNN_benchmark,SCNN,SCNN-Crossbar-Simple2D-4b,Crossbar-4b,4,M2,4,8,0.8541,0.0919,1839247.0,,,,500
SCNN_benchmark,SCNN,SCNN-Crossbar-Simple2D-8b,Crossbar-8b,4,M2,4,8,0.8749,0.3469,1764516.9,,,,500
SCNN_benchmark,SCNN,SCNN-Norse-Simple2D,Loihi,4,M2,4,8,0.8281,0.1567,991840.1,,,,500
SCNN_benchmark,SCNN,SCNN-Norse-Up2D,Loihi,4,M2,4,8,0.5067,0.0883,611085.6,,,,500
SCNN_benchmark,SCNN,CNN-Simple2D,GPU,5,M2,4,8,0.7956,101.51,191948.4,,,,500
SCNN_benchmark,SCNN,CNN-Up2D-Paper,GPU,5,M2,4,8,0.7353,21.06,351432.9,,,,500
SCNN_benchmark,SCNN,SCNN-Crossbar-Simple2D-4b,Crossbar-4b,5,M2,4,8,0.8321,0.0925,3227766.5,,,,500
SCNN_benchmark,SCNN,SCNN-Crossbar-Simple2D-8b,Crossbar-8b,5,M2,4,8,0.7748,0.3475,3179793.3,,,,500
SCNN_benchmark,SCNN,SCNN-Norse-Simple2D,Loihi,5,M2,4,8,0.8443,0.2643,1552432.6,,,,500
SCNN_benchmark,SCNN,SCNN-Norse-Up2D,Loihi,5,M2,4,8,0.5127,0.1039,159640514.0,,,,500
SCNN_benchmark,SCNN,CNN-Simple2D,GPU,6,M2,4,8,0.7845,299.55,610382.0,,,,500
SCNN_benchmark,SCNN,CNN-Up2D-Paper,GPU,6,M2,4,8,0.7407,99.16,619897.2,,,,500
SCNN_benchmark,SCNN,SCNN-Crossbar-Simple2D-4b,Crossbar-4b,6,M2,4,8,0.8038,0.0944,13223699.9,,,,500
SCNN_benchmark,SCNN,SCNN-Crossbar-Simple2D-8b,Crossbar-8b,6,M2,4,8,0.781,0.3494,12941549.4,,,,500
SCNN_benchmark,SCNN,SCNN-Norse-Simple2D,Loihi,6,M2,4,8,0.8463,0.5733,4600527.8,,,,500
SCNN_benchmark,SCNN,SCNN-Norse-Up2D,Loihi,6,M2,4,8,0.461,0.1811,7345876.5,,,,500
SCNN_benchmark,SCNN,CNN-Simple2D,GPU,7,M2,4,8,0.6314,913.22,1263069.8,,,,500
SCNN_benchmark,SCNN,CNN-Up2D-Paper,GPU,7,M2,4,8,0.6237,723.98,3319513.7,,,,500
SCNN_benchmark,SCNN,SCNN-Crossbar-Simple2D-4b,Crossbar-4b,7,M2,4,8,0.7858,0.1002,30680525.0,,,,500
SCNN_benchmark,SCNN,SCNN-Crossbar-Simple2D-8b,Crossbar-8b,7,M2,4,8,0.8081,0.3552,32146435.1,,,,500
SCNN_benchmark,SCNN,SCNN-Norse-Simple2D,Loihi,7,M2,4,8,0.808,1.6189,7525822.7,,,,500
SCNN_benchmark,SCNN,SCNN-Norse-Up2D,Loihi,7,M2,4,8,0.3372,0.6091,38434120.6,,,,500
SCNN_benchmark,SCNN,CNN-Simple2D,GPU,8,M2,4,8,0.7081,2865.78,4126428.9,,,,500
SCNN_benchmark,SCNN,CNN-Up2D-Paper,GPU,8,M2,4,8,0.6218,5722.55,15033455.9,,,,500
SCNN_benchmark,SCNN,SCNN-Crossbar-Simple2D-4b,Crossbar-4b,8,M2,4,8,0.8102,0.1187,95564309.2,,,,500
SCNN_benchmark,SCNN,SCNN-Crossbar-Simple2D-8b,Crossbar-8b,8,M2,4,8,0.7034,0.3737,96297100.3,,,,500
SCNN_benchmark,SCNN,SCNN-Norse-Simple2D,Loihi,8,M2,4,8,0.8047,5.4635,20502185.2,,,,500
SCNN_benchmark,SCNN,SCNN-Norse-Up2D,Loihi,8,M2,4,8,0.0,3.2721,163528673.2,,,,500
SVAE_benchmark,SVAE,SVAE (Crossbar-4b),Crossbar-4b,3,M1,256,8,0.996443,0.017086,,439.85,,,500
SVAE_benchmark,SVAE,SVAE (Crossbar-8b),Crossbar-8b,3,M1,256,8,0.999502,0.064606,,116.33,,,500
SVAE_benchmark,SVAE,SVAE (Loihi),Loihi,3,M1,256,8,0.998127,0.020153,,372.92,,,500
SVAE_benchmark,SVAE,VAE (GPU),GPU,3,M1,256,8,0.998375,7.515516,,1.0,,,500
SVAE_benchmark,SVAE,SVAE (Crossbar-4b),Crossbar-4b,4,M1,256,8,0.992087,0.037458,,506.44,,,500
SVAE_benchmark,SVAE,SVAE (Crossbar-8b),Crossbar-8b,4,M1,256,8,0.998965,0.141318,,134.24,,,500
SVAE_benchmark,SVAE,SVAE (Loihi),Loihi,4,M1,256,8,0.995675,0.040801,,464.94,,,500
SVAE_benchmark,SVAE,VAE (GPU),GPU,4,M1,256,8,0.996291,18.969936,,1.0,,,500
SVAE_benchmark,SVAE,SVAE (Crossbar-4b),Crossbar-4b,5,M1,256,8,0.988504,0.107913,,615.74,,,500
SVAE_benchmark,SVAE,SVAE (Crossbar-8b),Crossbar-8b,5,M1,256,8,0.99735,0.406293,,163.54,,,500
SVAE_benchmark,SVAE,SVAE (Loihi),Loihi,5,M1,256,8,0.991948,0.110748,,599.98,,,500
SVAE_benchmark,SVAE,VAE (GPU),GPU,5,M1,256,8,0.990973,66.446532,,1.0,,,500
SVAE_benchmark,SVAE,SVAE (Crossbar-4b),Crossbar-4b,6,M1,256,8,0.975622,0.379028,,744.88,,,500
SVAE_benchmark,SVAE,SVAE (Crossbar-8b),Crossbar-8b,6,M1,256,8,0.994765,1.424948,,198.13,,,500
SVAE_benchmark,SVAE,SVAE (Loihi),Loihi,6,M1,256,8,0.940969,0.387071,,729.41,,,500
SVAE_benchmark,SVAE,VAE (GPU),GPU,6,M1,256,8,0.958376,282.331704,,1.0,,,500
SVAE_benchmark,SVAE,SVAE (Crossbar-4b),Crossbar-4b,7,M1,256,8,0.910097,1.453624,,874.7,,,500
SVAE_benchmark,SVAE,SVAE (Crossbar-8b),Crossbar-8b,7,M1,256,8,0.963305,5.458864,,232.92,,,500
SVAE_benchmark,SVAE,SVAE (Loihi),Loihi,7,M1,256,8,0.869791,1.52691,,832.72,,,500
SVAE_benchmark,SVAE,VAE (GPU),GPU,7,M1,256,8,0.863499,1271.484204,,1.0,,,500
SVAE_benchmark,SVAE,SVAE (Crossbar-4b),Crossbar-4b,8,M1,256,8,0.7751,5.745987,,1001.5,,,500
SVAE_benchmark,SVAE,SVAE (Crossbar-8b),Crossbar-8b,8,M1,256,8,0.866944,21.557907,,266.94,,,500
SVAE_benchmark,SVAE,SVAE (Loihi),Loihi,8,M1,256,8,0.42121,6.27336,,917.31,,,500
SVAE_benchmark,SVAE,VAE (GPU),GPU,8,M1,256,8,0.859964,5754.591648,,1.0,,,500
SVAE_benchmark,SVAE,SVAE (Crossbar-4b),Crossbar-4b,3,M2,4,8,0.99688,0.016612,,232.03,,,500
SVAE_benchmark,SVAE,SVAE (Crossbar-8b),Crossbar-8b,3,M2,4,8,0.999651,0.062812,,61.36,,,500
SVAE_benchmark,SVAE,SVAE (Loihi),Loihi,3,M2,4,8,0.99742,0.01876,,205.46,,,500
SVAE_benchmark,SVAE,VAE (GPU),GPU,3,M2,4,8,0.998602,3.85446,,1.0,,,500
SVAE_benchmark,SVAE,SVAE (Crossbar-4b),Crossbar-4b,4,M2,4,8,0.991998,0.037038,,399.21,,,500
SVAE_benchmark,SVAE,SVAE (Crossbar-8b),Crossbar-8b,4,M2,4,8,0.998357,0.139758,,105.8,,,500
SVAE_benchmark,SVAE,SVAE (Loihi),Loihi,4,M2,4,8,0.995984,0.039209,,377.1,,,500
SVAE_benchmark,SVAE,VAE (GPU),GPU,4,M2,4,8,0.996627,14.785872,,1.0,,,500
SVAE_benchmark,SVAE,SVAE (Crossbar-4b),Crossbar-4b,5,M2,4,8,0.987709,0.10762,,585.02,,,500
SVAE_benchmark,SVAE,SVAE (Crossbar-8b),Crossbar-8b,5,M2,4,8,0.997485,0.40522,,155.37,,,500
SVAE_benchmark,SVAE,SVAE (Loihi),Loihi,5,M2,4,8,0.992006,0.109422,,575.39,,,500
SVAE_benchmark,SVAE,VAE (GPU),GPU,5,M2,4,8,0.991311,62.959812,,1.0,,,500
SVAE_benchmark,SVAE,SVAE (Crossbar-4b),Crossbar-4b,6,M2,4,8,0.976252,0.379028,,744.88,,,500
SVAE_benchmark,SVAE,SVAE (Crossbar-8b),Crossbar-8b,6,M2,4,8,0.994739,1.424948,,198.13,,,500
SVAE_benchmark,SVAE,SVAE (Loihi),Loihi,6,M2,4,8,0.94095,0.387071,,729.41,,,500
SVAE_benchmark,SVAE,VAE (GPU),GPU,6,M2,4,8,0.957205,282.331704,,1.0,,,500
SVAE_benchmark,SVAE,SVAE (Crossbar-4b),Crossbar-4b,7,M2,4,8,0.911187,1.454236,,881.04,,,500
SVAE_benchmark,SVAE,SVAE (Crossbar-8b),Crossbar-8b,7,M2,4,8,0.962093,5.461036,,234.62,,,500
SVAE_benchmark,SVAE,SVAE (Loihi),Loihi,7,M2,4,8,0.869097,1.530626,,837.07,,,500
SVAE_benchmark,SVAE,VAE (GPU),GPU,7,M2,4,8,0.863859,1281.24702,,1.0,,,500
SVAE_benchmark,SVAE,SVAE (Crossbar-4b),Crossbar-4b,8,M2,4,8,0.858377,5.747842,,1007.0,,,500
SVAE_benchmark,SVAE,SVAE (Crossbar-8b),Crossbar-8b,8,M2,4,8,0.867407,21.564382,,268.41,,,500
SVAE_benchmark,SVAE,SVAE (Loihi),Loihi,8,M2,4,8,0.422375,6.2861,,920.77,,,500
SVAE_benchmark,SVAE,VAE (GPU),GPU,8,M2,4,8,0.860297,5788.06416,,1.0,,,500
T_sweep,SCNN,Crossbar-4b,Crossbar-4b,3,M1,,2,0.0,0.02292,,,83200,3.32,500
T_sweep,SCNN,Crossbar-4b,Crossbar-4b,3,M1,,4,0.589433,0.045839,,,83200,5.55,500
T_sweep,SCNN,Crossbar-4b,Crossbar-4b,3,M1,,8,0.774531,0.091679,,,83200,9.84,500
T_sweep,SCNN,Crossbar-4b,Crossbar-4b,3,M1,,16,0.753627,0.183357,,,83200,18.61,500
T_sweep,SCNN,Crossbar-4b,Crossbar-4b,3,M1,,32,0.758166,0.366715,,,83200,36.37,500
T_sweep,SCNN,Crossbar-4b,Crossbar-4b,3,M1,,64,0.636737,0.73343,,,83200,72.36,500
T_sweep,SCNN,Crossbar-4b,Crossbar-4b,3,M1,,128,0.691619,1.46686,,,83200,145.04,500
T_sweep,SCNN,Crossbar-8b,Crossbar-8b,3,M1,,2,0.0,0.086664,,,83200,3.34,500
T_sweep,SCNN,Crossbar-8b,Crossbar-8b,3,M1,,4,0.5625,0.173327,,,83200,5.53,500
T_sweep,SCNN,Crossbar-8b,Crossbar-8b,3,M1,,8,0.740567,0.346655,,,83200,9.87,500
T_sweep,SCNN,Crossbar-8b,Crossbar-8b,3,M1,,16,0.841613,0.693309,,,83200,18.54,500
T_sweep,SCNN,Crossbar-8b,Crossbar-8b,3,M1,,32,0.783843,1.386619,,,83200,36.32,500
T_sweep,SCNN,Crossbar-8b,Crossbar-8b,3,M1,,64,0.713227,2.773238,,,83200,72.35,500
T_sweep,SCNN,Crossbar-8b,Crossbar-8b,3,M1,,128,0.707291,5.546476,,,83200,143.49,500
T_sweep,SCNN,Norse-Simple2D,Loihi,3,M1,,2,0.678436,0.02704,,,83200,2.88,500
T_sweep,SCNN,Norse-Simple2D,Loihi,3,M1,,4,0.658382,0.05408,,,83200,4.01,500
T_sweep,SCNN,Norse-Simple2D,Loihi,3,M1,,8,0.8469,0.10816,,,83200,7.16,500
T_sweep,SCNN,Norse-Simple2D,Loihi,3,M1,,16,0.874357,0.21632,,,83200,13.47,500
T_sweep,SCNN,Norse-Simple2D,Loihi,3,M1,,32,0.845935,0.43264,,,83200,26.02,500
T_sweep,SCNN,Norse-Simple2D,Loihi,3,M1,,64,0.837653,0.86528,,,83200,51.79,500
T_sweep,SCNN,Norse-Simple2D,Loihi,3,M1,,128,0.826452,1.73056,,,83200,103.36,500
T_sweep,SCNN,Crossbar-4b,Crossbar-4b,5,M1,,2,0.0,0.023004,,,294016,8.58,500
T_sweep,SCNN,Crossbar-4b,Crossbar-4b,5,M1,,4,0.617228,0.046008,,,294016,14.0,500
T_sweep,SCNN,Crossbar-4b,Crossbar-4b,5,M1,,8,0.810131,0.092016,,,294016,24.36,500
T_sweep,SCNN,Crossbar-4b,Crossbar-4b,5,M1,,16,0.807187,0.184032,,,294016,45.67,500
T_sweep,SCNN,Crossbar-4b,Crossbar-4b,5,M1,,32,0.75509,0.368064,,,294016,89.68,500
T_sweep,SCNN,Crossbar-4b,Crossbar-4b,5,M1,,64,0.719501,0.736128,,,294016,184.41,500
T_sweep,SCNN,Crossbar-4b,Crossbar-4b,5,M1,,128,0.707592,1.472256,,,294016,391.79,500
T_sweep,SCNN,Crossbar-8b,Crossbar-8b,5,M1,,2,0.0,0.086748,,,294016,8.55,500
T_sweep,SCNN,Crossbar-8b,Crossbar-8b,5,M1,,4,0.413983,0.173496,,,294016,13.93,500
T_sweep,SCNN,Crossbar-8b,Crossbar-8b,5,M1,,8,0.719252,0.346992,,,294016,24.79,500
T_sweep,SCNN,Crossbar-8b,Crossbar-8b,5,M1,,16,0.814833,0.693984,,,294016,45.77,500
T_sweep,SCNN,Crossbar-8b,Crossbar-8b,5,M1,,32,0.80024,1.387968,,,294016,89.0,500
T_sweep,SCNN,Crossbar-8b,Crossbar-8b,5,M1,,64,0.769649,2.775936,,,294016,183.35,500
T_sweep,SCNN,Crossbar-8b,Crossbar-8b,5,M1,,128,0.754715,5.551872,,,294016,388.61,500
T_sweep,SCNN,Norse-Simple2D,Loihi,5,M1,,2,0.504544,0.061088,,,294016,4.56,500
T_sweep,SCNN,Norse-Simple2D,Loihi,5,M1,,4,0.515625,0.122176,,,294016,7.12,500
T_sweep,SCNN,Norse-Simple2D,Loihi,5,M1,,8,0.829756,0.244353,,,294016,12.18,500
T_sweep,SCNN,Norse-Simple2D,Loihi,5,M1,,16,0.838818,0.488705,,,294016,22.53,500
T_sweep,SCNN,Norse-Simple2D,Loihi,5,M1,,32,0.828521,0.977411,,,294016,42.73,500
T_sweep,SCNN,Norse-Simple2D,Loihi,5,M1,,64,0.81713,1.954822,,,294016,86.55,500
T_sweep,SCNN,Norse-Simple2D,Loihi,5,M1,,128,0.816748,3.909643,,,294016,182.55,500
T_sweep,SCNN,Crossbar-4b,Crossbar-4b,8,M1,,2,0.0,0.027159,,,10680320,197.21,500
T_sweep,SCNN,Crossbar-4b,Crossbar-4b,8,M1,,4,0.792167,0.054317,,,10680320,314.59,500
T_sweep,SCNN,Crossbar-4b,Crossbar-4b,8,M1,,8,0.810961,0.108634,,,10680320,542.23,500
T_sweep,SCNN,Crossbar-4b,Crossbar-4b,8,M1,,16,0.816798,0.217268,,,10680320,980.23,500
T_sweep,SCNN,Crossbar-4b,Crossbar-4b,8,M1,,32,0.783953,0.434536,,,10680320,1879.92,500
T_sweep,SCNN,Crossbar-4b,Crossbar-4b,8,M1,,64,0.766383,0.869073,,,10680320,13719.39,500
T_sweep,SCNN,Crossbar-4b,Crossbar-4b,8,M1,,128,0.774303,1.738146,,,10680320,9941.81,500
T_sweep,SCNN,Crossbar-8b,Crossbar-8b,8,M1,,2,0.0,0.090903,,,10680320,197.47,500
T_sweep,SCNN,Crossbar-8b,Crossbar-8b,8,M1,,4,0.286334,0.181805,,,10680320,310.09,500
T_sweep,SCNN,Crossbar-8b,Crossbar-8b,8,M1,,8,0.815157,0.36361,,,10680320,544.0,500
T_sweep,SCNN,Crossbar-8b,Crossbar-8b,8,M1,,16,0.8086,0.72722,,,10680320,980.6,500
T_sweep,SCNN,Crossbar-8b,Crossbar-8b,8,M1,,32,0.799617,1.45444,,,10680320,1886.1,500
T_sweep,SCNN,Crossbar-8b,Crossbar-8b,8,M1,,64,0.778408,2.908881,,,10680320,3624.92,500
T_sweep,SCNN,Crossbar-8b,Crossbar-8b,8,M1,,128,0.799416,5.817762,,,10680320,8473.78,500
T_sweep,SCNN,Norse-Simple2D,Loihi,8,M1,,2,0.413668,1.26395,,,10680320,72.98,500
T_sweep,SCNN,Norse-Simple2D,Loihi,8,M1,,4,0.501953,2.5279,,,10680320,95.49,500
T_sweep,SCNN,Norse-Simple2D,Loihi,8,M1,,8,0.831489,5.055799,,,10680320,136.98,500
T_sweep,SCNN,Norse-Simple2D,Loihi,8,M1,,16,0.80005,10.111599,,,10680320,233.35,500
T_sweep,SCNN,Norse-Simple2D,Loihi,8,M1,,32,0.782502,20.223197,,,10680320,426.89,500
T_sweep,SCNN,Norse-Simple2D,Loihi,8,M1,,64,0.763978,40.446394,,,10680320,814.92,500
T_sweep,SCNN,Norse-Simple2D,Loihi,8,M1,,128,0.748957,80.892789,,,10680320,5564.74,500
T_sweep,SCNN,Crossbar-4b,Crossbar-4b,3,M2,,2,0.0,0.022927,,,101632,6.84,500
T_sweep,SCNN,Crossbar-4b,Crossbar-4b,3,M2,,4,0.771625,0.045854,,,101632,11.14,500
T_sweep,SCNN,Crossbar-4b,Crossbar-4b,3,M2,,8,0.845335,0.091708,,,101632,18.18,500
T_sweep,SCNN,Crossbar-4b,Crossbar-4b,3,M2,,16,0.92873,0.183416,,,101632,32.84,500
T_sweep,SCNN,Crossbar-4b,Crossbar-4b,3,M2,,32,0.819735,0.366833,,,101632,61.09,500
T_sweep,SCNN,Crossbar-4b,Crossbar-4b,3,M2,,64,0.835599,0.733666,,,101632,120.91,500
T_sweep,SCNN,Crossbar-4b,Crossbar-4b,3,M2,,128,0.830066,1.467331,,,101632,242.21,500
T_sweep,SCNN,Crossbar-8b,Crossbar-8b,3,M2,,2,0.0,0.086671,,,101632,6.96,500
T_sweep,SCNN,Crossbar-8b,Crossbar-8b,3,M2,,4,0.0625,0.173342,,,101632,10.93,500
T_sweep,SCNN,Crossbar-8b,Crossbar-8b,3,M2,,8,0.774827,0.346684,,,101632,18.5,500
T_sweep,SCNN,Crossbar-8b,Crossbar-8b,3,M2,,16,0.892899,0.693368,,,101632,31.48,500
T_sweep,SCNN,Crossbar-8b,Crossbar-8b,3,M2,,32,0.887518,1.386737,,,101632,62.19,500
T_sweep,SCNN,Crossbar-8b,Crossbar-8b,3,M2,,64,0.906561,2.773474,,,101632,119.41,500
T_sweep,SCNN,Crossbar-8b,Crossbar-8b,3,M2,,128,0.882996,5.546947,,,101632,234.25,500
T_sweep,SCNN,Norse-Simple2D,Loihi,3,M2,,2,0.729049,0.027339,,,101632,4.67,500
T_sweep,SCNN,Norse-Simple2D,Loihi,3,M2,,4,0.668717,0.054677,,,101632,7.39,500
T_sweep,SCNN,Norse-Simple2D,Loihi,3,M2,,8,0.912799,0.109354,,,101632,13.01,500
T_sweep,SCNN,Norse-Simple2D,Loihi,3,M2,,16,0.882793,0.218709,,,101632,22.55,500
T_sweep,SCNN,Norse-Simple2D,Loihi,3,M2,,32,0.874056,0.437418,,,101632,42.06,500
T_sweep,SCNN,Norse-Simple2D,Loihi,3,M2,,64,0.833721,0.874835,,,101632,77.14,500
T_sweep,SCNN,Norse-Simple2D,Loihi,3,M2,,128,0.832679,1.74967,,,101632,152.11,500
T_sweep,SCNN,Crossbar-4b,Crossbar-4b,5,M2,,2,0.0,0.023127,,,601216,19.18,500
T_sweep,SCNN,Crossbar-4b,Crossbar-4b,5,M2,,4,0.772886,0.046254,,,601216,29.57,500
T_sweep,SCNN,Crossbar-4b,Crossbar-4b,5,M2,,8,0.832892,0.092508,,,601216,47.28,500
T_sweep,SCNN,Crossbar-4b,Crossbar-4b,5,M2,,16,0.794764,0.185015,,,601216,88.0,500
T_sweep,SCNN,Crossbar-4b,Crossbar-4b,5,M2,,32,0.818655,0.37003,,,601216,166.4,500
T_sweep,SCNN,Crossbar-4b,Crossbar-4b,5,M2,,64,0.804279,0.74006,,,601216,305.09,500
T_sweep,SCNN,Crossbar-4b,Crossbar-4b,5,M2,,128,0.832406,1.480121,,,601216,581.91,500
T_sweep,SCNN,Crossbar-8b,Crossbar-8b,5,M2,,2,0.0,0.086871,,,601216,19.16,500
T_sweep,SCNN,Crossbar-8b,Crossbar-8b,5,M2,,4,0.015625,0.173742,,,601216,29.63,500
T_sweep,SCNN,Crossbar-8b,Crossbar-8b,5,M2,,8,0.747485,0.347484,,,601216,49.23,500
T_sweep,SCNN,Crossbar-8b,Crossbar-8b,5,M2,,16,0.843983,0.694967,,,601216,88.73,500
T_sweep,SCNN,Crossbar-8b,Crossbar-8b,5,M2,,32,0.860784,1.389934,,,601216,165.61,500
T_sweep,SCNN,Crossbar-8b,Crossbar-8b,5,M2,,64,0.792774,2.779868,,,601216,307.29,500
T_sweep,SCNN,Crossbar-8b,Crossbar-8b,5,M2,,128,0.853554,5.559737,,,601216,582.56,500
T_sweep,SCNN,Norse-Simple2D,Loihi,5,M2,,2,0.520455,0.066065,,,601216,10.5,500
T_sweep,SCNN,Norse-Simple2D,Loihi,5,M2,,4,0.522069,0.13213,,,601216,13.84,500
T_sweep,SCNN,Norse-Simple2D,Loihi,5,M2,,8,0.832739,0.264259,,,601216,22.58,500
T_sweep,SCNN,Norse-Simple2D,Loihi,5,M2,,16,0.816843,0.528519,,,601216,39.77,500
T_sweep,SCNN,Norse-Simple2D,Loihi,5,M2,,32,0.79468,1.057037,,,601216,73.42,500
T_sweep,SCNN,Norse-Simple2D,Loihi,5,M2,,64,0.789471,2.114074,,,601216,144.11,500
T_sweep,SCNN,Norse-Simple2D,Loihi,5,M2,,128,0.803326,4.228148,,,601216,277.07,500
T_sweep,SCNN,Crossbar-4b,Crossbar-4b,8,M2,,2,0.0,0.029675,,,16971776,259.25,500
T_sweep,SCNN,Crossbar-4b,Crossbar-4b,8,M2,,4,0.727357,0.05935,,,16971776,432.99,500
T_sweep,SCNN,Crossbar-4b,Crossbar-4b,8,M2,,8,0.835795,0.1187,,,16971776,6060.37,500
T_sweep,SCNN,Crossbar-4b,Crossbar-4b,8,M2,,16,0.819861,0.237401,,,16971776,1479.95,500
T_sweep,SCNN,Crossbar-4b,Crossbar-4b,8,M2,,32,0.810235,0.474802,,,16971776,2888.77,500
T_sweep,SCNN,Crossbar-4b,Crossbar-4b,8,M2,,64,0.794995,0.949604,,,16971776,5685.4,500
T_sweep,SCNN,Crossbar-4b,Crossbar-4b,8,M2,,128,0.799006,1.899207,,,16971776,14732.81,500
T_sweep,SCNN,Crossbar-8b,Crossbar-8b,8,M2,,2,0.0,0.093419,,,16971776,258.91,500
T_sweep,SCNN,Crossbar-8b,Crossbar-8b,8,M2,,4,0.35672,0.186838,,,16971776,430.48,500
T_sweep,SCNN,Crossbar-8b,Crossbar-8b,8,M2,,8,0.712607,0.373676,,,16971776,782.58,500
T_sweep,SCNN,Crossbar-8b,Crossbar-8b,8,M2,,16,0.821806,0.747353,,,16971776,1474.62,500
T_sweep,SCNN,Crossbar-8b,Crossbar-8b,8,M2,,32,0.826445,1.494706,,,16971776,2887.58,500
T_sweep,SCNN,Crossbar-8b,Crossbar-8b,8,M2,,64,0.829826,2.989412,,,16971776,5672.13,500
T_sweep,SCNN,Crossbar-8b,Crossbar-8b,8,M2,,128,0.840488,5.978823,,,16971776,27619.86,500
T_sweep,SCNN,Norse-Simple2D,Loihi,8,M2,,2,0.41372,1.365871,,,16971776,61.59,500
T_sweep,SCNN,Norse-Simple2D,Loihi,8,M2,,4,0.420113,2.731743,,,16971776,89.78,500
T_sweep,SCNN,Norse-Simple2D,Loihi,8,M2,,8,0.81616,5.463486,,,16971776,156.6,500
T_sweep,SCNN,Norse-Simple2D,Loihi,8,M2,,16,0.798674,10.926971,,,16971776,269.76,500
T_sweep,SCNN,Norse-Simple2D,Loihi,8,M2,,32,0.80591,21.853943,,,16971776,514.6,500
T_sweep,SCNN,Norse-Simple2D,Loihi,8,M2,,64,0.805215,43.707885,,,16971776,3233.95,500
T_sweep,SCNN,Norse-Simple2D,Loihi,8,M2,,128,0.804254,87.41577,,,16971776,2035.25,500
SCGAN_benchmark,SCGAN,CGAN,GPU,3,M2,4,8,0.8623,6.7991,79796.8,1.0,,,1000
SCGAN_benchmark,SCGAN,SCGAN-Norse,Loihi,3,M2,4,8,0.7812,0.055,171842.5,124.0,,,1000
SCGAN_benchmark,SCGAN,SCGAN-Crossbar-8b,Crossbar-8b,3,M2,4,8,0.7627,0.2897,216702.5,23.0,,,1000
SCGAN_benchmark,SCGAN,SCGAN-Crossbar-4b,Crossbar-4b,3,M2,4,8,0.7607,0.0765,216258.7,89.0,,,1000
SCGAN_benchmark,SCGAN,CGAN,GPU,4,M2,4,8,0.8044,7.4964,96136.4,1.0,,,1000
SCGAN_benchmark,SCGAN,SCGAN-Norse,Loihi,4,M2,4,8,0.8203,0.0552,182239.5,136.0,,,1000
SCGAN_benchmark,SCGAN,SCGAN-Crossbar-8b,Crossbar-8b,4,M2,4,8,0.8367,0.2899,231097.1,26.0,,,1000
SCGAN_benchmark,SCGAN,SCGAN-Crossbar-4b,Crossbar-4b,4,M2,4,8,0.8429,0.0766,235200.9,98.0,,,1000
SCGAN_benchmark,SCGAN,CGAN,GPU,5,M2,4,8,0.759,17.2593,616413.7,1.0,,,1000
SCGAN_benchmark,SCGAN,SCGAN-Norse,Loihi,5,M2,4,8,0.8507,0.0708,1060962.4,244.0,,,1000
SCGAN_benchmark,SCGAN,SCGAN-Crossbar-8b,Crossbar-8b,5,M2,4,8,0.7785,0.3532,1796107.8,49.0,,,1000
SCGAN_benchmark,SCGAN,SCGAN-Crossbar-4b,Crossbar-4b,5,M2,4,8,0.83,0.0934,1843040.9,185.0,,,1000
SCGAN_benchmark,SCGAN,CGAN,GPU,6,M2,4,8,0.7904,95.3618,1525207.6,1.0,,,1000
SCGAN_benchmark,SCGAN,SCGAN-Norse,Loihi,6,M2,4,8,0.8269,0.148,2543869.6,645.0,,,1000
SCGAN_benchmark,SCGAN,SCGAN-Crossbar-8b,Crossbar-8b,6,M2,4,8,0.8213,0.6056,4916773.1,157.0,,,1000
SCGAN_benchmark,SCGAN,SCGAN-Crossbar-4b,Crossbar-4b,6,M2,4,8,0.8372,0.1608,4891231.4,593.0,,,1000
SCGAN_benchmark,SCGAN,CGAN,GPU,7,M2,4,8,0.7551,720.182,10409414.8,1.0,,,1000
SCGAN_benchmark,SCGAN,SCGAN-Norse,Loihi,7,M2,4,8,0.801,0.5755,17099706.4,1251.0,,,1000
SCGAN_benchmark,SCGAN,SCGAN-Crossbar-8b,Crossbar-8b,7,M2,4,8,0.765,1.6162,35259241.6,446.0,,,1000
SCGAN_benchmark,SCGAN,SCGAN-Crossbar-4b,Crossbar-4b,7,M2,4,8,0.7967,0.4326,35485719.7,1665.0,,,1000
SCGAN_benchmark,SCGAN,CGAN,GPU,8,M2,4,8,0.7634,5718.7438,41830887.3,1.0,,,1000
SCGAN_benchmark,SCGAN,SCGAN-Norse,Loihi,8,M2,4,8,0.8075,3.2369,73201560.1,1767.0,,,1000
SCGAN_benchmark,SCGAN,SCGAN-Crossbar-8b,Crossbar-8b,8,M2,4,8,0.8052,5.6781,203139595.6,1007.0,,,1000
SCGAN_benchmark,SCGAN,SCGAN-Crossbar-4b,Crossbar-4b,8,M2,4,8,0.8019,1.5422,201655324.1,3708.0,,,1000
SCGAN_benchmark,SCGAN,CGAN,GPU,3,M1,256,8,0.739,6.6901,91658.7,1.0,,,1000
SCGAN_benchmark,SCGAN,SCGAN-Norse,Loihi,3,M1,256,8,0.6155,0.0549,173652.9,122.0,,,1000
SCGAN_benchmark,SCGAN,SCGAN-Crossbar-8b,Crossbar-8b,3,M1,256,8,0.7675,0.2896,222257.0,23.0,,,1000
SCGAN_benchmark,SCGAN,SCGAN-Crossbar-4b,Crossbar-4b,3,M1,256,8,0.7836,0.0765,221229.6,87.0,,,1000
SCGAN_benchmark,SCGAN,CGAN,GPU,4,M1,256,8,0.7404,7.8669,174272.5,1.0,,,1000
SCGAN_benchmark,SCGAN,SCGAN-Norse,Loihi,4,M1,256,8,0.5927,0.0554,296898.2,142.0,,,1000
SCGAN_benchmark,SCGAN,SCGAN-Crossbar-8b,Crossbar-8b,4,M1,256,8,0.7324,0.2901,371869.0,27.0,,,1000
SCGAN_benchmark,SCGAN,SCGAN-Crossbar-4b,Crossbar-4b,4,M1,256,8,0.6382,0.0766,369397.2,103.0,,,1000
SCGAN_benchmark,SCGAN,CGAN,GPU,5,M1,256,8,0.4953,27.2836,1639967.5,1.0,,,1000
SCGAN_benchmark,SCGAN,SCGAN-Norse,Loihi,5,M1,256,8,0.5013,0.0746,2537548.1,366.0,,,1000
SCGAN_benchmark,SCGAN,SCGAN-Crossbar-8b,Crossbar-8b,5,M1,256,8,0.491,0.3542,3390213.5,77.0,,,1000
SCGAN_benchmark,SCGAN,SCGAN-Crossbar-4b,Crossbar-4b,5,M1,256,8,0.5006,0.0937,3384045.5,291.0,,,1000
SCGAN_benchmark,SCGAN,CGAN,GPU,6,M1,256,8,0.5271,95.3618,3352355.1,1.0,,,1000
SCGAN_benchmark,SCGAN,SCGAN-Norse,Loihi,6,M1,256,8,0.6804,0.148,4226255.5,645.0,,,1000
SCGAN_benchmark,SCGAN,SCGAN-Crossbar-8b,Crossbar-8b,6,M1,256,8,0.6518,0.6056,6477940.0,157.0,,,1000
SCGAN_benchmark,SCGAN,SCGAN-Crossbar-4b,Crossbar-4b,6,M1,256,8,0.5694,0.1608,6808412.6,593.0,,,1000
SCGAN_benchmark,SCGAN,CGAN,GPU,7,M1,256,8,0.5896,363.1419,18493844.3,1.0,,,1000
SCGAN_benchmark,SCGAN,SCGAN-Norse,Loihi,7,M1,256,8,0.6027,0.4396,21915060.4,826.0,,,1000
SCGAN_benchmark,SCGAN,SCGAN-Crossbar-8b,Crossbar-8b,7,M1,256,8,0.5732,1.6108,32351130.2,225.0,,,1000
SCGAN_benchmark,SCGAN,SCGAN-Crossbar-4b,Crossbar-4b,7,M1,256,8,0.5572,0.4287,33841078.9,847.0,,,1000
SCGAN_benchmark,SCGAN,CGAN,GPU,8,M1,256,8,0.553,1434.2623,78262227.8,1.0,,,1000
SCGAN_benchmark,SCGAN,SCGAN-Norse,Loihi,8,M1,256,8,0.6071,1.6062,87974177.4,893.0,,,1000
SCGAN_benchmark,SCGAN,SCGAN-Crossbar-8b,Crossbar-8b,8,M1,256,8,0.5998,5.6317,125376486.0,255.0,,,1000
SCGAN_benchmark,SCGAN,SCGAN-Crossbar-4b,Crossbar-4b,8,M1,256,8,0.561,1.5004,126152574.4,956.0,,,1000
