experiment,model,hw,N,method,F_best,E_inference_uJ,E_training_mJ,n_params,time_sec,T,C0,C1,depth,capacity_label,capacity_axis
SCNN,CNN-Simple2D,GPU,3,M1,0.9995,13.206,290204.1,,,,,,,,
SCNN,CNN-Up2D-Paper,GPU,3,M1,0.999,9.9698,202911.7,,,,,,,,
SCNN,SCNN-Norse-Simple2D,Loihi,3,M1,1.0,0.1079,510058.0,,,,,,,,
SCNN,SCNN-Norse-Up2D,Loihi,3,M1,0.9942,0.1696,1194171.8,,,,,,,,
SCNN,SCNN-Crossbar-Simple2D-8b,Crossbar-8b,3,M1,1.0,0.3466,615599.1,,,,,,,,
SCNN,SCNN-Crossbar-Simple2D-4b,Crossbar-4b,3,M1,1.0,0.0917,610735.1,,,,,,,,
SCNN,CNN-Simple2D,GPU,4,M1,0.9992,19.2205,129624.0,,,,,,,,
SCNN,CNN-Up2D-Paper,GPU,4,M1,0.9981,10.166,180666.7,,,,,,,,
SCNN,SCNN-Norse-Simple2D,Loihi,4,M1,0.9878,0.1498,1478329.6,,,,,,,,
SCNN,SCNN-Norse-Up2D,Loihi,4,M1,0.9961,0.2636,1783328.6,,,,,,,,
SCNN,SCNN-Crossbar-Simple2D-8b,Crossbar-8b,4,M1,0.9737,0.3467,2743844.9,,,,,,,,
SCNN,SCNN-Crossbar-Simple2D-4b,Crossbar-4b,4,M1,0.9857,0.0917,1836295.4,,,,,,,,
SCNN,CNN-Simple2D,GPU,5,M1,0.9992,38.3103,429072.9,,,,,,,,
SCNN,CNN-Up2D-Paper,GPU,5,M1,0.9973,10.9505,171133.4,,,,,,,,
SCNN,SCNN-Norse-Simple2D,Loihi,5,M1,0.9762,0.2402,1493339.5,,,,,,,,
SCNN,SCNN-Norse-Up2D,Loihi,5,M1,0.9887,0.2001,1207542.0,,,,,,,,
SCNN,SCNN-Crossbar-Simple2D-8b,Crossbar-8b,5,M1,0.9872,0.3469,2783383.6,,,,,,,,
SCNN,SCNN-Crossbar-Simple2D-4b,Crossbar-4b,5,M1,0.9925,0.0919,1857005.9,,,,,,,,
SCNN,CNN-Simple2D,GPU,6,M1,0.9988,108.1319,384353.2,,,,,,,,
SCNN,CNN-Up2D-Paper,GPU,6,M1,0.9972,14.0885,154059.4,,,,,,,,
SCNN,SCNN-Norse-Simple2D,Loihi,6,M1,0.9971,1.001,2877254.8,,,,,,,,
SCNN,SCNN-Norse-Up2D,Loihi,6,M1,0.9964,0.595,2415980.4,,,,,,,,
SCNN,SCNN-Crossbar-Simple2D-8b,Crossbar-8b,6,M1,0.9987,0.6951,3589623.8,,,,,,,,
SCNN,SCNN-Crossbar-Simple2D-4b,Crossbar-4b,6,M1,0.9976,0.1852,3617938.2,,,,,,,,
SCNN,CNN-Simple2D,GPU,7,M1,0.9946,379.3116,805844.5,,,,,,,,
SCNN,CNN-Up2D-Paper,GPU,7,M1,0.9957,26.6407,456093.9,,,,,,,,
SCNN,SCNN-Norse-Simple2D,Loihi,7,M1,0.9923,5.6627,11525266.9,,,,,,,,
SCNN,SCNN-Norse-Up2D,Loihi,7,M1,0.7511,1.3747,7318830.0,,,,,,,,
SCNN,SCNN-Crossbar-Simple2D-8b,Crossbar-8b,7,M1,0.995,1.4006,14174972.9,,,,,,,,
SCNN,SCNN-Crossbar-Simple2D-4b,Crossbar-4b,7,M1,0.9927,0.3807,14149600.7,,,,,,,,
SCNN,CNN-Simple2D,GPU,8,M1,0.99,1454.3545,511102.3,,,,,,,,
SCNN,CNN-Up2D-Paper,GPU,8,M1,0.9951,76.8495,525783.9,,,,,,,,
SCNN,SCNN-Norse-Simple2D,Loihi,8,M1,0.983,19.7051,10578797.7,,,,,,,,
SCNN,SCNN-Norse-Up2D,Loihi,8,M1,0.9937,4.4931,10537703.4,,,,,,,,
SCNN,SCNN-Crossbar-Simple2D-8b,Crossbar-8b,8,M1,0.9881,1.4416,14307606.4,,,,,,,,
SCNN,SCNN-Crossbar-Simple2D-4b,Crossbar-4b,8,M1,0.9936,0.4217,14272142.6,,,,,,,,
SCNN,CNN-Simple2D,GPU,3,M2,0.9988,13.9905,53655.6,,,,,,,,
SCNN,CNN-Up2D-Paper,GPU,3,M2,0.9981,9.9916,53809.6,,,,,,,,
SCNN,SCNN-Norse-Simple2D,Loihi,3,M2,0.9839,0.1082,499017.0,,,,,,,,
SCNN,SCNN-Norse-Up2D,Loihi,3,M2,0.9828,0.3393,2334707.9,,,,,,,,
SCNN,SCNN-Crossbar-Simple2D-8b,Crossbar-8b,3,M2,0.9706,0.3467,935507.6,,,,,,,,
SCNN,SCNN-Crossbar-Simple2D-4b,Crossbar-4b,3,M2,0.9915,0.0917,622188.0,,,,,,,,
SCNN,CNN-Simple2D,GPU,4,M2,0.9978,26.194,167330.9,,,,,,,,
SCNN,CNN-Up2D-Paper,GPU,4,M2,0.9956,10.6018,57133.6,,,,,,,,
SCNN,SCNN-Norse-Simple2D,Loihi,4,M2,0.9815,0.1524,1510066.8,,,,,,,,
SCNN,SCNN-Norse-Up2D,Loihi,4,M2,0.5507,0.3521,2369066.5,,,,,,,,
SCNN,SCNN-Crossbar-Simple2D-8b,Crossbar-8b,4,M2,0.9792,0.3468,1858235.6,,,,,,,,
SCNN,SCNN-Crossbar-Simple2D-4b,Crossbar-4b,4,M2,0.9948,0.0918,1849539.0,,,,,,,,
SCNN,CNN-Simple2D,GPU,5,M2,0.9958,66.6399,167658.7,,,,,,,,
SCNN,CNN-Up2D-Paper,GPU,5,M2,0.9942,15.4832,57086.8,,,,,,,,
SCNN,SCNN-Norse-Simple2D,Loihi,5,M2,0.9836,0.251,1529101.1,,,,,,,,
SCNN,SCNN-Norse-Up2D,Loihi,5,M2,0.9629,0.407,2382372.7,,,,,,,,
SCNN,SCNN-Crossbar-Simple2D-8b,Crossbar-8b,5,M2,0.9828,0.3472,1885944.9,,,,,,,,
SCNN,SCNN-Crossbar-Simple2D-4b,Crossbar-4b,5,M2,0.9928,0.0922,1892980.2,,,,,,,,
SCNN,CNN-Simple2D,GPU,6,M2,0.9902,199.1353,352094.9,,,,,,,,
SCNN,CNN-Up2D-Paper,GPU,6,M2,0.9855,54.5345,179382.7,,,,,,,,
SCNN,SCNN-Norse-Simple2D,Loihi,6,M2,0.9932,1.0702,5818685.7,,,,,,,,
SCNN,SCNN-Norse-Up2D,Loihi,6,M2,0.8419,0.9849,10736662.9,,,,,,,,
SCNN,SCNN-Crossbar-Simple2D-8b,Crossbar-8b,6,M2,0.994,0.6968,7251781.3,,,,,,,,
SCNN,SCNN-Crossbar-Simple2D-4b,Crossbar-4b,6,M2,0.9864,0.1869,7281192.7,,,,,,,,
SCNN,CNN-Simple2D,GPU,7,M2,0.9793,639.8567,371417.9,,,,,,,,
SCNN,CNN-Up2D-Paper,GPU,7,M2,0.9715,366.9446,376127.1,,,,,,,,
SCNN,SCNN-Norse-Simple2D,Loihi,7,M2,0.9776,6.0594,11545820.7,,,,,,,,
SCNN,SCNN-Norse-Up2D,Loihi,7,M2,1.0,2.8391,21941225.2,,,,,,,,
SCNN,SCNN-Crossbar-Simple2D-8b,Crossbar-8b,7,M2,0.9905,1.4104,14217130.1,,,,,,,,
SCNN,SCNN-Crossbar-Simple2D-4b,Crossbar-4b,7,M2,0.9799,0.3905,14208591.4,,,,,,,,
SCNN,CNN-Simple2D,GPU,8,M2,0.9191,2151.6985,465772.7,,,,,,,,
SCNN,CNN-Up2D-Paper,GPU,8,M2,0.8416,2866.2255,543566.8,,,,,,,,
SCNN,SCNN-Norse-Simple2D,Loihi,8,M2,0.9389,20.7668,10424188.8,,,,,,,,
SCNN,SCNN-Norse-Up2D,Loihi,8,M2,0.9966,13.1097,42184873.4,,,,,,,,
SCNN,SCNN-Crossbar-Simple2D-8b,Crossbar-8b,8,M2,0.9901,1.4679,14642094.0,,,,,,,,
SCNN,SCNN-Crossbar-Simple2D-4b,Crossbar-4b,8,M2,0.967,0.448,14723210.2,,,,,,,,
SCGAN,CGAN,GPU,3,M1,0.9992,6.3633,97029.1,,,,,,,,
SCGAN,SCGAN-Norse,Loihi,3,M1,0.9915,0.137,878572.1,,,,,,,,
SCGAN,SCGAN-Crossbar-8b,Crossbar-8b,3,M1,0.9974,0.7237,1091617.1,,,,,,,,
SCGAN,SCGAN-Crossbar-4b,Crossbar-4b,3,M1,0.9962,0.1912,1100071.4,,,,,,,,
SCGAN,CGAN,GPU,4,M1,0.9993,6.3633,104146.2,,,,,,,,
SCGAN,SCGAN-Norse,Loihi,4,M1,0.9953,0.137,870211.6,,,,,,,,
SCGAN,SCGAN-Crossbar-8b,Crossbar-8b,4,M1,0.9929,0.7237,1098714.5,,,,,,,,
SCGAN,SCGAN-Crossbar-4b,Crossbar-4b,4,M1,0.9956,0.1912,1100722.1,,,,,,,,
SCGAN,CGAN,GPU,5,M1,0.9988,7.1478,130716.2,,,,,,,,
SCGAN,SCGAN-Norse,Loihi,5,M1,0.9959,0.1674,1078710.3,,,,,,,,
SCGAN,SCGAN-Crossbar-8b,Crossbar-8b,5,M1,0.998,0.8804,1311599.2,,,,,,,,
SCGAN,SCGAN-Crossbar-4b,Crossbar-4b,5,M1,0.9953,0.2327,1295457.7,,,,,,,,
SCGAN,CGAN,GPU,6,M1,0.9987,10.2858,155460.5,,,,,,,,
SCGAN,SCGAN-Norse,Loihi,6,M1,0.9976,0.4623,1563794.9,,,,,,,,
SCGAN,SCGAN-Crossbar-8b,Crossbar-8b,6,M1,0.9971,2.4115,1932364.6,,,,,,,,
SCGAN,SCGAN-Crossbar-4b,Crossbar-4b,6,M1,0.9981,0.6379,1930291.8,,,,,,,,
SCGAN,CGAN,GPU,7,M1,0.9998,22.838,470657.2,,,,,,,,
SCGAN,SCGAN-Norse,Loihi,7,M1,0.9974,1.2403,3611024.7,,,,,,,,
SCGAN,SCGAN-Crossbar-8b,Crossbar-8b,7,M1,0.9975,6.4227,4484093.2,,,,,,,,
SCGAN,SCGAN-Crossbar-4b,Crossbar-4b,7,M1,0.998,1.7,4454453.2,,,,,,,,
SCGAN,CGAN,GPU,8,M1,0.9998,73.0468,1288212.2,,,,,,,,
SCGAN,SCGAN-Norse,Loihi,8,M1,0.9985,5.9845,5610307.0,,,,,,,,
SCGAN,SCGAN-Crossbar-8b,Crossbar-8b,8,M1,0.9984,30.8933,6692170.6,,,,,,,,
SCGAN,SCGAN-Crossbar-4b,Crossbar-4b,8,M1,0.9983,8.1794,6624106.7,,,,,,,,
SCGAN,CGAN,GPU,3,M2,0.9985,6.4504,144200.7,,,,,,,,
SCGAN,SCGAN-Norse,Loihi,3,M2,0.9824,0.1371,864401.0,,,,,,,,
SCGAN,SCGAN-Crossbar-8b,Crossbar-8b,3,M2,0.981,0.7238,1071908.8,,,,,,,,
SCGAN,SCGAN-Crossbar-4b,Crossbar-4b,3,M2,0.9932,0.1912,1067229.9,,,,,,,,
SCGAN,CGAN,GPU,4,M2,0.9984,6.7991,90616.4,,,,,,,,
SCGAN,SCGAN-Norse,Loihi,4,M2,0.9897,0.1374,843294.1,,,,,,,,
SCGAN,SCGAN-Crossbar-8b,Crossbar-8b,4,M2,0.9943,0.7241,1066150.3,,,,,,,,
SCGAN,SCGAN-Crossbar-4b,Crossbar-4b,4,M2,0.9959,0.1913,1063084.4,,,,,,,,
SCGAN,CGAN,GPU,5,M2,0.997,11.6805,119832.9,,,,,,,,
SCGAN,SCGAN-Norse,Loihi,5,M2,0.9957,0.1717,1031638.8,,,,,,,,
SCGAN,SCGAN-Crossbar-8b,Crossbar-8b,5,M2,0.9944,0.8816,1274418.9,,,,,,,,
SCGAN,SCGAN-Crossbar-4b,Crossbar-4b,5,M2,0.9934,0.2331,1279271.5,,,,,,,,
SCGAN,CGAN,GPU,6,M2,0.9982,50.7318,344019.3,,,,,,,,
SCGAN,SCGAN-Norse,Loihi,6,M2,0.9947,0.5239,4632542.6,,,,,,,,
SCGAN,SCGAN-Crossbar-8b,Crossbar-8b,6,M2,0.9951,2.4167,5776393.8,,,,,,,,
SCGAN,SCGAN-Crossbar-4b,Crossbar-4b,6,M2,0.996,0.6403,5803215.0,,,,,,,,
SCGAN,CGAN,GPU,7,M2,0.9961,363.1419,961177.3,,,,,,,,
SCGAN,SCGAN-Norse,Loihi,7,M2,0.9965,1.7584,7310481.4,,,,,,,,
SCGAN,SCGAN-Crossbar-8b,Crossbar-8b,7,M2,0.9933,6.4433,9323223.1,,,,,,,,
SCGAN,SCGAN-Crossbar-4b,Crossbar-4b,7,M2,0.9919,1.7148,9421743.9,,,,,,,,
SCGAN,CGAN,GPU,8,M2,0.9963,2862.4228,2761923.7,,,,,,,,
SCGAN,SCGAN-Norse,Loihi,8,M2,0.9924,11.8238,12247066.7,,,,,,,,
SCGAN,SCGAN-Crossbar-8b,Crossbar-8b,8,M2,0.988,31.0595,46781208.7,,,,,,,,
SCGAN,SCGAN-Crossbar-4b,Crossbar-4b,8,M2,0.9747,8.3291,46590541.8,,,,,,,,
SVAE,VAE,GPU,3,M1,0.9957,3.53,148426.8,,7.4,,,,,,
SVAE,SVAE-Norse,Loihi,3,M1,0.9965,0.0186,895311.4,,44.8,,,,,,
SVAE,SVAE-Crossbar-8b,Crossbar-8b,3,M1,0.9983,0.0626,3388221.9,,169.4,,,,,,
SVAE,SVAE-Crossbar-4b,Crossbar-4b,3,M1,0.9994,0.0166,4462571.2,,223.1,,,,,,
SVAE,VAE,GPU,4,M1,0.9933,13.65,123860.1,,6.2,,,,,,
SVAE,SVAE-Norse,Loihi,4,M1,0.9955,0.0388,892249.9,,44.6,,,,,,
SVAE,SVAE-Crossbar-8b,Crossbar-8b,4,M1,0.9863,0.1393,3386490.8,,169.3,,,,,,
SVAE,SVAE-Crossbar-4b,Crossbar-4b,4,M1,0.9998,0.0369,4480008.5,,224.0,,,,,,
SVAE,VAE,GPU,5,M1,0.9927,59.8,376104.6,,6.3,,,,,,
SVAE,SVAE-Norse,Loihi,5,M1,0.9929,0.1082,2697806.1,,45.0,,,,,,
SVAE,SVAE-Crossbar-8b,Crossbar-8b,5,M1,0.9965,0.4043,10274415.0,,171.2,,,,,,
SVAE,SVAE-Crossbar-4b,Crossbar-4b,5,M1,0.9982,0.1074,13480569.4,,224.7,,,,,,
SVAE,VAE,GPU,6,M1,0.9882,274.36,768628.7,,6.4,,,,,,
SVAE,SVAE-Norse,Loihi,6,M1,0.9851,0.7681,10058565.7,,83.8,,,,,,
SVAE,SVAE-Crossbar-8b,Crossbar-8b,6,M1,0.9955,2.8457,20538390.9,,171.2,,,,,,
SVAE,SVAE-Crossbar-4b,Crossbar-4b,6,M1,0.9856,0.7569,27042918.2,,225.4,,,,,,
SVAE,VAE,GPU,7,M1,0.9717,1262.18,854448.9,,7.1,,,,,,
SVAE,SVAE-Norse,Loihi,7,M1,0.9746,6.0936,19778986.8,,164.8,,,,,,
SVAE,SVAE-Crossbar-8b,Crossbar-8b,7,M1,0.992,21.8274,27375107.1,,228.1,,,,,,
SVAE,SVAE-Crossbar-4b,Crossbar-4b,7,M1,0.944,5.8122,40417867.6,,336.8,,,,,,
SVAE,VAE,GPU,8,M1,0.9607,5743.96,4107123.5,,34.2,,,,,,
SVAE,SVAE-Norse,Loihi,8,M1,0.1666,37.6159,37227324.4,,310.2,,,,,,
SVAE,SVAE-Crossbar-8b,Crossbar-8b,8,M1,0.9794,129.3353,47979406.2,,399.8,,,,,,
SVAE,SVAE-Crossbar-4b,Crossbar-4b,8,M1,0.6936,34.4725,57984565.3,,483.2,,,,,,
SVAE,VAE,GPU,3,M2,0.9946,3.72,121344.2,,6.1,,,,,,
SVAE,SVAE-Norse,Loihi,3,M2,0.9958,0.0187,895179.7,,44.8,,,,,,
SVAE,SVAE-Crossbar-8b,Crossbar-8b,3,M2,0.998,0.0627,3401809.7,,170.1,,,,,,
SVAE,SVAE-Crossbar-4b,Crossbar-4b,3,M2,0.9994,0.0166,4490602.9,,224.5,,,,,,
SVAE,VAE,GPU,4,M2,0.9934,14.44,123144.3,,6.2,,,,,,
SVAE,SVAE-Norse,Loihi,4,M2,0.9947,0.0391,895292.8,,44.8,,,,,,
SVAE,SVAE-Crossbar-8b,Crossbar-8b,4,M2,0.998,0.1396,3416101.3,,170.8,,,,,,
SVAE,SVAE-Crossbar-4b,Crossbar-4b,4,M2,0.998,0.037,4489454.0,,224.5,,,,,,
SVAE,VAE,GPU,5,M2,0.9935,62.09,370709.1,,6.2,,,,,,
SVAE,SVAE-Norse,Loihi,5,M2,0.9918,0.1091,2697794.9,,45.0,,,,,,
SVAE,SVAE-Crossbar-8b,Crossbar-8b,5,M2,0.9974,0.405,10300428.9,,171.7,,,,,,
SVAE,SVAE-Crossbar-4b,Crossbar-4b,5,M2,0.9997,0.1076,13556395.8,,225.9,,,,,,
SVAE,VAE,GPU,6,M2,0.9894,280.24,757572.2,,6.3,,,,,,
SVAE,SVAE-Norse,Loihi,6,M2,0.9859,0.7726,10163928.3,,84.7,,,,,,
SVAE,SVAE-Crossbar-8b,Crossbar-8b,6,M2,0.9952,2.8487,20700627.8,,172.5,,,,,,
SVAE,SVAE-Crossbar-4b,Crossbar-4b,6,M2,0.9985,0.7577,27173581.0,,226.4,,,,,,
SVAE,VAE,GPU,7,M2,0.9742,1276.37,922181.5,,7.7,,,,,,
SVAE,SVAE-Norse,Loihi,7,M2,0.9746,6.1152,20084416.9,,167.4,,,,,,
SVAE,SVAE-Crossbar-8b,Crossbar-8b,7,M2,0.9914,21.8398,27659814.1,,230.5,,,,,,
SVAE,SVAE-Crossbar-4b,Crossbar-4b,7,M2,0.8688,5.8157,40828214.3,,340.2,,,,,,
SVAE,VAE,GPU,8,M2,0.9651,5776.91,4187019.4,,34.9,,,,,,
SVAE,SVAE-Norse,Loihi,8,M2,0.1713,37.6912,37153746.7,,309.6,,,,,,
SVAE,SVAE-Crossbar-8b,Crossbar-8b,8,M2,0.9786,129.3737,48550873.6,,404.6,,,,,,
SVAE,SVAE-Crossbar-4b,Crossbar-4b,8,M2,0.8879,34.4834,58528517.3,,487.7,,,,,,
T_sweep,Norse-Simple2D,Loihi,3,M1,0.2071,0.027,,78592.0,20.9,2.0,,,,,
T_sweep,Crossbar-8b,Crossbar-8b,3,M1,0.0,0.0867,,78592.0,10.2,2.0,,,,,
T_sweep,Crossbar-4b,Crossbar-4b,3,M1,0.0,0.0229,,78592.0,10.1,2.0,,,,,
T_sweep,Norse-Simple2D,Loihi,3,M1,1.0,0.0539,,78592.0,13.9,4.0,,,,,
T_sweep,Crossbar-8b,Crossbar-8b,3,M1,0.0,0.1733,,78592.0,17.4,4.0,,,,,
T_sweep,Crossbar-4b,Crossbar-4b,3,M1,0.0,0.0458,,78592.0,17.3,4.0,,,,,
T_sweep,Norse-Simple2D,Loihi,3,M1,1.0,0.1079,,78592.0,25.6,8.0,,,,,
T_sweep,Crossbar-8b,Crossbar-8b,3,M1,1.0,0.3466,,78592.0,31.8,8.0,,,,,
T_sweep,Crossbar-4b,Crossbar-4b,3,M1,0.9815,0.0917,,78592.0,31.8,8.0,,,,,
T_sweep,Norse-Simple2D,Loihi,3,M1,1.0,0.2157,,78592.0,48.8,16.0,,,,,
T_sweep,Crossbar-8b,Crossbar-8b,3,M1,0.9951,0.6933,,78592.0,61.5,16.0,,,,,
T_sweep,Crossbar-4b,Crossbar-4b,3,M1,0.9963,0.1833,,78592.0,62.0,16.0,,,,,
T_sweep,Norse-Simple2D,Loihi,3,M1,0.9989,0.4314,,78592.0,96.9,32.0,,,,,
T_sweep,Crossbar-8b,Crossbar-8b,3,M1,0.9931,1.3866,,78592.0,120.8,32.0,,,,,
T_sweep,Crossbar-4b,Crossbar-4b,3,M1,0.9989,0.3667,,78592.0,120.8,32.0,,,,,
T_sweep,Norse-Simple2D,Loihi,3,M1,0.9992,0.8629,,78592.0,193.9,64.0,,,,,
T_sweep,Crossbar-8b,Crossbar-8b,3,M1,0.9977,2.7732,,78592.0,240.6,64.0,,,,,
T_sweep,Crossbar-4b,Crossbar-4b,3,M1,0.9966,0.7334,,78592.0,240.3,64.0,,,,,
T_sweep,Norse-Simple2D,Loihi,3,M1,0.9992,1.7258,,78592.0,389.9,128.0,,,,,
T_sweep,Crossbar-8b,Crossbar-8b,3,M1,0.996,5.5464,,78592.0,487.8,128.0,,,,,
T_sweep,Crossbar-4b,Crossbar-4b,3,M1,0.9707,1.4667,,78592.0,481.8,128.0,,,,,
T_sweep,Norse-Simple2D,Loihi,5,M1,0.0434,0.0601,,230016.0,12.8,2.0,,,,,
T_sweep,Crossbar-8b,Crossbar-8b,5,M1,0.0,0.0867,,230016.0,10.2,2.0,,,,,
T_sweep,Crossbar-4b,Crossbar-4b,5,M1,0.0,0.023,,230016.0,10.2,2.0,,,,,
T_sweep,Norse-Simple2D,Loihi,5,M1,0.5,0.1201,,230016.0,14.1,4.0,,,,,
T_sweep,Crossbar-8b,Crossbar-8b,5,M1,0.0,0.1734,,230016.0,17.6,4.0,,,,,
T_sweep,Crossbar-4b,Crossbar-4b,5,M1,0.9783,0.046,,230016.0,17.6,4.0,,,,,
T_sweep,Norse-Simple2D,Loihi,5,M1,1.0,0.2402,,230016.0,25.9,8.0,,,,,
T_sweep,Crossbar-8b,Crossbar-8b,5,M1,1.0,0.3469,,230016.0,32.4,8.0,,,,,
T_sweep,Crossbar-4b,Crossbar-4b,5,M1,1.0,0.0919,,230016.0,32.4,8.0,,,,,
T_sweep,Norse-Simple2D,Loihi,5,M1,0.9982,0.4804,,230016.0,49.9,16.0,,,,,
T_sweep,Crossbar-8b,Crossbar-8b,5,M1,0.9942,0.6938,,230016.0,62.5,16.0,,,,,
T_sweep,Crossbar-4b,Crossbar-4b,5,M1,0.9962,0.1838,,230016.0,62.3,16.0,,,,,
T_sweep,Norse-Simple2D,Loihi,5,M1,0.9991,0.9608,,230016.0,97.9,32.0,,,,,
T_sweep,Crossbar-8b,Crossbar-8b,5,M1,0.9987,1.3876,,230016.0,122.2,32.0,,,,,
T_sweep,Crossbar-4b,Crossbar-4b,5,M1,0.9968,0.3677,,230016.0,122.4,32.0,,,,,
T_sweep,Norse-Simple2D,Loihi,5,M1,0.9994,1.9216,,230016.0,196.4,64.0,,,,,
T_sweep,Crossbar-8b,Crossbar-8b,5,M1,0.9994,2.7751,,230016.0,244.7,64.0,,,,,
T_sweep,Crossbar-4b,Crossbar-4b,5,M1,0.9994,0.7353,,230016.0,244.6,64.0,,,,,
T_sweep,Norse-Simple2D,Loihi,5,M1,0.9995,3.8433,,230016.0,394.6,128.0,,,,,
T_sweep,Crossbar-8b,Crossbar-8b,5,M1,0.9987,5.5502,,230016.0,490.7,128.0,,,,,
T_sweep,Crossbar-4b,Crossbar-4b,5,M1,0.9919,1.4706,,230016.0,491.1,128.0,,,,,
T_sweep,Norse-Simple2D,Loihi,8,M1,0.0042,1.2316,,8681472.0,13.6,2.0,,,,,
T_sweep,Crossbar-8b,Crossbar-8b,8,M1,0.0,0.0901,,8681472.0,12.2,2.0,,,,,
T_sweep,Crossbar-4b,Crossbar-4b,8,M1,0.0,0.0264,,8681472.0,12.2,2.0,,,,,
T_sweep,Norse-Simple2D,Loihi,8,M1,0.0333,2.4631,,8681472.0,14.9,4.0,,,,,
T_sweep,Crossbar-8b,Crossbar-8b,8,M1,0.0,0.1802,,8681472.0,20.1,4.0,,,,,
T_sweep,Crossbar-4b,Crossbar-4b,8,M1,0.8159,0.0527,,8681472.0,19.6,4.0,,,,,
T_sweep,Norse-Simple2D,Loihi,8,M1,0.9401,4.9263,,8681472.0,25.4,8.0,,,,,
T_sweep,Crossbar-8b,Crossbar-8b,8,M1,0.9647,0.3604,,8681472.0,34.6,8.0,,,,,
T_sweep,Crossbar-4b,Crossbar-4b,8,M1,0.9886,0.1054,,8681472.0,34.4,8.0,,,,,
T_sweep,Norse-Simple2D,Loihi,8,M1,0.9726,9.8525,,8681472.0,47.1,16.0,,,,,
T_sweep,Crossbar-8b,Crossbar-8b,8,M1,0.9754,0.7208,,8681472.0,64.5,16.0,,,,,
T_sweep,Crossbar-4b,Crossbar-4b,8,M1,0.9841,0.2109,,8681472.0,64.6,16.0,,,,,
T_sweep,Norse-Simple2D,Loihi,8,M1,0.9798,19.7051,,8681472.0,89.9,32.0,,,,,
T_sweep,Crossbar-8b,Crossbar-8b,8,M1,0.9805,1.4416,,8681472.0,126.5,32.0,,,,,
T_sweep,Crossbar-4b,Crossbar-4b,8,M1,0.9855,0.4217,,8681472.0,126.3,32.0,,,,,
T_sweep,Norse-Simple2D,Loihi,8,M1,0.982,39.4102,,8681472.0,177.1,64.0,,,,,
T_sweep,Crossbar-8b,Crossbar-8b,8,M1,0.9712,2.8833,,8681472.0,245.9,64.0,,,,,
T_sweep,Crossbar-4b,Crossbar-4b,8,M1,0.9901,0.8435,,8681472.0,246.0,64.0,,,,,
T_sweep,Norse-Simple2D,Loihi,8,M1,0.9826,78.8204,,8681472.0,352.7,128.0,,,,,
T_sweep,Crossbar-8b,Crossbar-8b,8,M1,0.9682,5.7666,,8681472.0,487.1,128.0,,,,,
T_sweep,Crossbar-4b,Crossbar-4b,8,M1,0.1044,1.687,,8681472.0,486.8,128.0,,,,,
T_sweep,Norse-Simple2D,Loihi,3,M2,0.2071,0.027,,83200.0,8.7,2.0,,,,,
T_sweep,Crossbar-8b,Crossbar-8b,3,M2,0.0,0.0867,,83200.0,10.7,2.0,,,,,
T_sweep,Crossbar-4b,Crossbar-4b,3,M2,0.0,0.0229,,83200.0,10.7,2.0,,,,,
T_sweep,Norse-Simple2D,Loihi,3,M2,0.5,0.0541,,83200.0,14.6,4.0,,,,,
T_sweep,Crossbar-8b,Crossbar-8b,3,M2,0.0,0.1733,,83200.0,17.9,4.0,,,,,
T_sweep,Crossbar-4b,Crossbar-4b,3,M2,1.0,0.0458,,83200.0,17.9,4.0,,,,,
T_sweep,Norse-Simple2D,Loihi,3,M2,1.0,0.1082,,83200.0,26.2,8.0,,,,,
T_sweep,Crossbar-8b,Crossbar-8b,3,M2,0.9,0.3467,,83200.0,32.6,8.0,,,,,
T_sweep,Crossbar-4b,Crossbar-4b,3,M2,0.9866,0.0917,,83200.0,32.5,8.0,,,,,
T_sweep,Norse-Simple2D,Loihi,3,M2,1.0,0.2163,,83200.0,49.9,16.0,,,,,
T_sweep,Crossbar-8b,Crossbar-8b,3,M2,0.9946,0.6933,,83200.0,62.3,16.0,,,,,
T_sweep,Crossbar-4b,Crossbar-4b,3,M2,0.9964,0.1834,,83200.0,62.0,16.0,,,,,
T_sweep,Norse-Simple2D,Loihi,3,M2,0.9988,0.4326,,83200.0,97.2,32.0,,,,,
T_sweep,Crossbar-8b,Crossbar-8b,3,M2,0.9978,1.3866,,83200.0,120.6,32.0,,,,,
T_sweep,Crossbar-4b,Crossbar-4b,3,M2,0.9962,0.3667,,83200.0,120.2,32.0,,,,,
T_sweep,Norse-Simple2D,Loihi,3,M2,0.9988,0.8653,,83200.0,191.2,64.0,,,,,
T_sweep,Crossbar-8b,Crossbar-8b,3,M2,0.9965,2.7732,,83200.0,237.2,64.0,,,,,
T_sweep,Crossbar-4b,Crossbar-4b,3,M2,0.9855,0.7334,,83200.0,237.4,64.0,,,,,
T_sweep,Norse-Simple2D,Loihi,3,M2,0.9973,1.7306,,83200.0,380.1,128.0,,,,,
T_sweep,Crossbar-8b,Crossbar-8b,3,M2,0.9918,5.5465,,83200.0,472.1,128.0,,,,,
T_sweep,Crossbar-4b,Crossbar-4b,3,M2,0.9706,1.4669,,83200.0,474.2,128.0,,,,,
T_sweep,Norse-Simple2D,Loihi,5,M2,0.0434,0.0627,,396416.0,9.0,2.0,,,,,
T_sweep,Crossbar-8b,Crossbar-8b,5,M2,0.0,0.0868,,396416.0,11.1,2.0,,,,,
T_sweep,Crossbar-4b,Crossbar-4b,5,M2,0.0,0.023,,396416.0,11.1,2.0,,,,,
T_sweep,Norse-Simple2D,Loihi,5,M2,1.0,0.1255,,396416.0,14.9,4.0,,,,,
T_sweep,Crossbar-8b,Crossbar-8b,5,M2,0.0,0.1736,,396416.0,18.6,4.0,,,,,
T_sweep,Crossbar-4b,Crossbar-4b,5,M2,0.9615,0.0461,,396416.0,18.5,4.0,,,,,
T_sweep,Norse-Simple2D,Loihi,5,M2,0.9972,0.251,,396416.0,27.2,8.0,,,,,
T_sweep,Crossbar-8b,Crossbar-8b,5,M2,0.9878,0.3472,,396416.0,33.4,8.0,,,,,
T_sweep,Crossbar-4b,Crossbar-4b,5,M2,0.9935,0.0922,,396416.0,33.2,8.0,,,,,
T_sweep,Norse-Simple2D,Loihi,5,M2,0.9959,0.502,,396416.0,50.7,16.0,,,,,
T_sweep,Crossbar-8b,Crossbar-8b,5,M2,0.9913,0.6943,,396416.0,63.6,16.0,,,,,
T_sweep,Crossbar-4b,Crossbar-4b,5,M2,0.9911,0.1844,,396416.0,63.2,16.0,,,,,
T_sweep,Norse-Simple2D,Loihi,5,M2,0.9955,1.004,,396416.0,98.8,32.0,,,,,
T_sweep,Crossbar-8b,Crossbar-8b,5,M2,0.9981,1.3886,,396416.0,122.9,32.0,,,,,
T_sweep,Crossbar-4b,Crossbar-4b,5,M2,0.9939,0.3687,,396416.0,123.6,32.0,,,,,
T_sweep,Norse-Simple2D,Loihi,5,M2,0.9931,2.0079,,396416.0,195.4,64.0,,,,,
T_sweep,Crossbar-8b,Crossbar-8b,5,M2,0.9965,2.7772,,396416.0,242.6,64.0,,,,,
T_sweep,Crossbar-4b,Crossbar-4b,5,M2,0.9915,0.7374,,396416.0,242.2,64.0,,,,,
T_sweep,Norse-Simple2D,Loihi,5,M2,0.9897,4.0158,,396416.0,386.3,128.0,,,,,
T_sweep,Crossbar-8b,Crossbar-8b,5,M2,0.9967,5.5545,,396416.0,482.1,128.0,,,,,
T_sweep,Crossbar-4b,Crossbar-4b,5,M2,0.986,1.4749,,396416.0,480.7,128.0,,,,,
T_sweep,Norse-Simple2D,Loihi,8,M2,0.0042,1.2979,,12777472.0,9.5,2.0,,,,,
T_sweep,Crossbar-8b,Crossbar-8b,8,M2,0.0,0.0917,,12777472.0,12.3,2.0,,,,,
T_sweep,Crossbar-4b,Crossbar-4b,8,M2,0.0,0.028,,12777472.0,12.3,2.0,,,,,
T_sweep,Norse-Simple2D,Loihi,8,M2,0.9483,2.5958,,12777472.0,14.8,4.0,,,,,
T_sweep,Crossbar-8b,Crossbar-8b,8,M2,1.0,0.1835,,12777472.0,19.9,4.0,,,,,
T_sweep,Crossbar-4b,Crossbar-4b,8,M2,0.9395,0.056,,12777472.0,19.8,4.0,,,,,
T_sweep,Norse-Simple2D,Loihi,8,M2,0.9719,5.1917,,12777472.0,25.5,8.0,,,,,
T_sweep,Crossbar-8b,Crossbar-8b,8,M2,0.9693,0.367,,12777472.0,35.0,8.0,,,,,
T_sweep,Crossbar-4b,Crossbar-4b,8,M2,0.9796,0.112,,12777472.0,34.9,8.0,,,,,
T_sweep,Norse-Simple2D,Loihi,8,M2,0.9763,10.3834,,12777472.0,47.1,16.0,,,,,
T_sweep,Crossbar-8b,Crossbar-8b,8,M2,0.977,0.7339,,12777472.0,65.2,16.0,,,,,
T_sweep,Crossbar-4b,Crossbar-4b,8,M2,0.9736,0.224,,12777472.0,65.5,16.0,,,,,
T_sweep,Norse-Simple2D,Loihi,8,M2,0.9569,20.7668,,12777472.0,90.2,32.0,,,,,
T_sweep,Crossbar-8b,Crossbar-8b,8,M2,0.9785,1.4679,,12777472.0,126.1,32.0,,,,,
T_sweep,Crossbar-4b,Crossbar-4b,8,M2,0.9722,0.448,,12777472.0,125.4,32.0,,,,,
T_sweep,Norse-Simple2D,Loihi,8,M2,0.9453,41.5336,,12777472.0,176.6,64.0,,,,,
T_sweep,Crossbar-8b,Crossbar-8b,8,M2,0.9847,2.9357,,12777472.0,247.1,64.0,,,,,
T_sweep,Crossbar-4b,Crossbar-4b,8,M2,0.9495,0.8959,,12777472.0,247.0,64.0,,,,,
T_sweep,Norse-Simple2D,Loihi,8,M2,0.9178,83.0671,,12777472.0,349.2,128.0,,,,,
T_sweep,Crossbar-8b,Crossbar-8b,8,M2,0.9795,5.8714,,12777472.0,490.8,128.0,,,,,
T_sweep,Crossbar-4b,Crossbar-4b,8,M2,0.8843,1.7918,,12777472.0,491.0,128.0,,,,,
capacity_sweep,CNN,GPU,5,M1,0.9989,3.7591,,22080.0,15.2,,4.0,8.0,2.0,XS,width
capacity_sweep,SCNN-Norse,Loihi,5,M1,0.9877,0.0851,,24496.0,25.7,,4.0,8.0,2.0,XS,width
capacity_sweep,SCNN-Crossbar-8b,Crossbar-8b,5,M1,0.9938,0.0434,,24496.0,31.3,,4.0,8.0,2.0,XS,width
capacity_sweep,SCNN-Crossbar-4b,Crossbar-4b,5,M1,0.9902,0.0115,,24496.0,31.4,,4.0,8.0,2.0,XS,width
capacity_sweep,CNN,GPU,5,M1,0.9991,7.8124,,45888.0,7.3,,8.0,16.0,2.0,S,width
capacity_sweep,SCNN-Norse,Loihi,5,M1,0.9961,0.1069,,48672.0,25.4,,8.0,16.0,2.0,S,width
capacity_sweep,SCNN-Crossbar-8b,Crossbar-8b,5,M1,0.9944,0.0867,,48672.0,31.6,,8.0,16.0,2.0,S,width
capacity_sweep,SCNN-Crossbar-4b,Crossbar-4b,5,M1,0.9979,0.023,,48672.0,31.9,,8.0,16.0,2.0,S,width
capacity_sweep,CNN,GPU,5,M1,0.9992,16.8016,,98688.0,7.3,,16.0,32.0,2.0,M,width
capacity_sweep,SCNN-Norse,Loihi,5,M1,0.9929,0.1509,,102208.0,25.4,,16.0,32.0,2.0,M,width
capacity_sweep,SCNN-Crossbar-8b,Crossbar-8b,5,M1,0.9933,0.1734,,102208.0,31.7,,16.0,32.0,2.0,M,width
capacity_sweep,SCNN-Crossbar-4b,Crossbar-4b,5,M1,0.995,0.0459,,102208.0,31.8,,16.0,32.0,2.0,M,width
capacity_sweep,CNN,GPU,5,M1,0.9992,38.3103,,225024.0,6.9,,32.0,64.0,2.0,L,width
capacity_sweep,SCNN-Norse,Loihi,5,M1,0.9949,0.2402,,230016.0,26.0,,32.0,64.0,2.0,L,width
capacity_sweep,SCNN-Crossbar-8b,Crossbar-8b,5,M1,0.9979,0.3469,,230016.0,32.2,,32.0,64.0,2.0,L,width
capacity_sweep,SCNN-Crossbar-4b,Crossbar-4b,5,M1,0.9985,0.0919,,230016.0,32.2,,32.0,64.0,2.0,L,width
capacity_sweep,CNN,GPU,5,M1,0.9992,95.449,,560640.0,2.3,,64.0,128.0,2.0,XL,width
capacity_sweep,SCNN-Norse,Loihi,5,M1,0.9989,0.4242,,568576.0,25.7,,64.0,128.0,2.0,XL,width
capacity_sweep,SCNN-Crossbar-8b,Crossbar-8b,5,M1,0.9975,0.694,,568576.0,32.5,,64.0,128.0,2.0,XL,width
capacity_sweep,SCNN-Crossbar-4b,Crossbar-4b,5,M1,0.9993,0.184,,568576.0,32.6,,64.0,128.0,2.0,XL,width
capacity_sweep,CNN,GPU,5,M1,0.9994,266.2111,,1563648.0,7.3,,128.0,256.0,2.0,XXL,width
capacity_sweep,SCNN-Norse,Loihi,5,M1,0.9991,0.8137,,1577472.0,26.0,,128.0,256.0,2.0,XXL,width
capacity_sweep,SCNN-Crossbar-8b,Crossbar-8b,5,M1,0.9993,1.3886,,1577472.0,32.5,,128.0,256.0,2.0,XXL,width
capacity_sweep,SCNN-Crossbar-4b,Crossbar-4b,5,M1,0.9996,0.3687,,1577472.0,32.5,,128.0,256.0,2.0,XXL,width
capacity_sweep,CNN,GPU,5,M1,0.9992,32.0124,,188032.0,1.9,,32.0,64.0,1.0,D1,depth
capacity_sweep,SCNN-Norse,Loihi,5,M1,0.9947,0.2062,,193152.0,19.2,,32.0,64.0,1.0,D1,depth
capacity_sweep,SCNN-Crossbar-8b,Crossbar-8b,5,M1,0.9961,0.1715,,193152.0,24.6,,32.0,64.0,1.0,D1,depth
capacity_sweep,SCNN-Crossbar-4b,Crossbar-4b,5,M1,0.9982,0.0456,,193152.0,24.6,,32.0,64.0,1.0,D1,depth
capacity_sweep,CNN,GPU,5,M1,0.9992,44.6082,,262016.0,2.5,,32.0,64.0,3.0,D3,depth
capacity_sweep,SCNN-Norse,Loihi,5,M1,0.9949,0.2742,,266880.0,33.5,,32.0,64.0,3.0,D3,depth
capacity_sweep,SCNN-Crossbar-8b,Crossbar-8b,5,M1,0.9996,0.5223,,266880.0,41.0,,32.0,64.0,3.0,D3,depth
capacity_sweep,SCNN-Crossbar-4b,Crossbar-4b,5,M1,0.9977,0.1383,,266880.0,41.0,,32.0,64.0,3.0,D3,depth
capacity_sweep,CNN,GPU,5,M1,0.9992,50.9061,,299008.0,2.9,,32.0,64.0,4.0,D4,depth
capacity_sweep,SCNN-Norse,Loihi,5,M1,0.9968,0.3082,,303744.0,40.1,,32.0,64.0,4.0,D4,depth
capacity_sweep,SCNN-Crossbar-8b,Crossbar-8b,5,M1,0.9982,0.6976,,303744.0,47.9,,32.0,64.0,4.0,D4,depth
capacity_sweep,SCNN-Crossbar-4b,Crossbar-4b,5,M1,0.9972,0.1846,,303744.0,47.8,,32.0,64.0,4.0,D4,depth
capacity_sweep,CNN,GPU,5,M2,0.9915,7.3003,,42880.0,2.9,,4.0,8.0,2.0,XS,width
capacity_sweep,SCNN-Norse,Loihi,5,M2,0.9776,0.0864,,45296.0,26.0,,4.0,8.0,2.0,XS,width
capacity_sweep,SCNN-Crossbar-8b,Crossbar-8b,5,M2,0.9867,0.0434,,45296.0,32.2,,4.0,8.0,2.0,XS,width
capacity_sweep,SCNN-Crossbar-4b,Crossbar-4b,5,M2,0.9872,0.0115,,45296.0,32.0,,4.0,8.0,2.0,XS,width
capacity_sweep,CNN,GPU,5,M2,0.9923,14.8948,,87488.0,2.9,,8.0,16.0,2.0,S,width
capacity_sweep,SCNN-Norse,Loihi,5,M2,0.9855,0.1096,,90272.0,26.2,,8.0,16.0,2.0,S,width
capacity_sweep,SCNN-Crossbar-8b,Crossbar-8b,5,M2,0.9922,0.0868,,90272.0,32.7,,8.0,16.0,2.0,S,width
capacity_sweep,SCNN-Crossbar-4b,Crossbar-4b,5,M2,0.9893,0.023,,90272.0,32.6,,8.0,16.0,2.0,S,width
capacity_sweep,CNN,GPU,5,M2,0.9939,30.9664,,181888.0,2.8,,16.0,32.0,2.0,M,width
capacity_sweep,SCNN-Norse,Loihi,5,M2,0.9854,0.1563,,185408.0,26.2,,16.0,32.0,2.0,M,width
capacity_sweep,SCNN-Crossbar-8b,Crossbar-8b,5,M2,0.9963,0.1736,,185408.0,32.9,,16.0,32.0,2.0,M,width
capacity_sweep,SCNN-Crossbar-4b,Crossbar-4b,5,M2,0.998,0.0461,,185408.0,32.7,,16.0,32.0,2.0,M,width
capacity_sweep,CNN,GPU,5,M2,0.9947,66.6399,,391424.0,3.0,,32.0,64.0,2.0,L,width
capacity_sweep,SCNN-Norse,Loihi,5,M2,0.9925,0.251,,396416.0,26.9,,32.0,64.0,2.0,L,width
capacity_sweep,SCNN-Crossbar-8b,Crossbar-8b,5,M2,0.9964,0.3472,,396416.0,33.2,,32.0,64.0,2.0,L,width
capacity_sweep,SCNN-Crossbar-4b,Crossbar-4b,5,M2,0.999,0.0922,,396416.0,33.0,,32.0,64.0,2.0,L,width
capacity_sweep,CNN,GPU,5,M2,0.9955,152.1082,,893440.0,2.9,,64.0,128.0,2.0,XL,width
capacity_sweep,SCNN-Norse,Loihi,5,M2,0.9967,0.4458,,901376.0,26.6,,64.0,128.0,2.0,XL,width
capacity_sweep,SCNN-Crossbar-8b,Crossbar-8b,5,M2,0.9966,0.6945,,901376.0,33.1,,64.0,128.0,2.0,XL,width
capacity_sweep,SCNN-Crossbar-4b,Crossbar-4b,5,M2,0.9991,0.1845,,901376.0,33.1,,64.0,128.0,2.0,XL,width
capacity_sweep,CNN,GPU,5,M2,0.9953,379.5295,,2229248.0,2.9,,128.0,256.0,2.0,XXL,width
capacity_sweep,SCNN-Norse,Loihi,5,M2,0.9977,0.8568,,2243072.0,26.8,,128.0,256.0,2.0,XXL,width
capacity_sweep,SCNN-Crossbar-8b,Crossbar-8b,5,M2,0.9964,1.3897,,2243072.0,33.2,,128.0,256.0,2.0,XXL,width
capacity_sweep,SCNN-Crossbar-4b,Crossbar-4b,5,M2,0.9997,0.3698,,2243072.0,33.2,,128.0,256.0,2.0,XXL,width
capacity_sweep,CNN,GPU,5,M2,0.9952,60.342,,354432.0,2.7,,32.0,64.0,1.0,D1,depth
capacity_sweep,SCNN-Norse,Loihi,5,M2,0.9899,0.217,,359552.0,20.0,,32.0,64.0,1.0,D1,depth
capacity_sweep,SCNN-Crossbar-8b,Crossbar-8b,5,M2,0.9997,0.1718,,359552.0,25.5,,32.0,64.0,1.0,D1,depth
capacity_sweep,SCNN-Crossbar-4b,Crossbar-4b,5,M2,0.9986,0.0458,,359552.0,25.4,,32.0,64.0,1.0,D1,depth
capacity_sweep,CNN,GPU,5,M2,0.9952,72.9378,,428416.0,3.2,,32.0,64.0,3.0,D3,depth
capacity_sweep,SCNN-Norse,Loihi,5,M2,0.9942,0.285,,433280.0,33.2,,32.0,64.0,3.0,D3,depth
capacity_sweep,SCNN-Crossbar-8b,Crossbar-8b,5,M2,0.999,0.5225,,433280.0,40.9,,32.0,64.0,3.0,D3,depth
capacity_sweep,SCNN-Crossbar-4b,Crossbar-4b,5,M2,0.9992,0.1385,,433280.0,40.7,,32.0,64.0,3.0,D3,depth
capacity_sweep,CNN,GPU,5,M2,0.9951,79.2357,,465408.0,3.4,,32.0,64.0,4.0,D4,depth
capacity_sweep,SCNN-Norse,Loihi,5,M2,0.992,0.319,,470144.0,39.9,,32.0,64.0,4.0,D4,depth
capacity_sweep,SCNN-Crossbar-8b,Crossbar-8b,5,M2,0.9993,0.6979,,470144.0,48.8,,32.0,64.0,4.0,D4,depth
capacity_sweep,SCNN-Crossbar-4b,Crossbar-4b,5,M2,0.9998,0.1849,,470144.0,49.7,,32.0,64.0,4.0,D4,depth
