state_type,architecture,N,method,F,E_inf_uJ_crossbar8b,E_inf_uJ_ns_regime,E_inf_uJ_paper_10us,pdneuram_overhead,regime_ratio
mixed,SCGAN,3,M1,0.7812,4.5618,13.0117,171.7273,2.8523,13.1979
mixed,SCGAN,3,M2,0.8007,4.5616,13.0115,171.6661,2.8524,13.1934
mixed,SCGAN,4,M1,0.7311,4.5634,13.0133,172.1063,2.8517,13.2254
mixed,SCGAN,4,M2,0.8334,4.5618,13.0117,171.7293,2.8523,13.198
mixed,SCGAN,5,M1,0.588,17.778,50.8021,651.2615,2.8576,12.8196
mixed,SCGAN,5,M2,0.8139,17.7769,50.801,650.2539,2.8577,12.8
mixed,SCGAN,6,M1,0.6792,70.1914,200.775,2532.4699,2.8604,12.6135
mixed,SCGAN,6,M2,0.8198,70.1914,200.775,2532.4699,2.8604,12.6135
mixed,SCGAN,7,M1,0.672,278.9546,798.302,9986.4949,2.8618,12.5097
mixed,SCGAN,7,M2,0.7431,278.96,798.3072,10018.7092,2.8617,12.5499
mixed,SCGAN,8,M1,0.5877,1112.2271,3183.6809,39660.9775,2.8624,12.4576
mixed,SCGAN,8,M2,0.8019,1112.2735,3183.7257,40047.5307,2.8624,12.5788
mixed,SCNN,3,M1,0.8079,0.9929,2.8769,34.6908,2.8975,12.0583
mixed,SCNN,3,M2,0.8914,0.9923,2.8766,34.142,2.8989,11.8688
mixed,SCNN,4,M1,0.8051,1.813,5.2534,68.1302,2.8976,12.9689
mixed,SCNN,4,M2,0.8484,1.8102,5.2512,62.1203,2.901,11.8297
mixed,SCNN,5,M1,0.8228,3.0352,8.8101,108.331,2.9027,12.2962
mixed,SCNN,5,M2,0.8117,3.0319,8.8085,102.0385,2.9053,11.5842
mixed,SCNN,6,M1,0.8307,5.2257,15.2193,163.6828,2.9124,10.7549
mixed,SCNN,6,M2,0.8099,5.2218,15.2193,163.6828,2.9146,10.7549
mixed,SCNN,7,M1,0.8248,10.642,31.1621,254.4864,2.9282,8.1665
mixed,SCNN,7,M2,0.7686,10.6375,31.1666,279.151,2.9299,8.9567
mixed,SCNN,8,M1,0.815,28.3142,83.3629,461.819,2.9442,5.5399
mixed,SCNN,8,M2,0.6931,28.3089,83.3787,558.4619,2.9453,6.6979
mixed,SVAE,3,M1,0.9998,0.0631,0.1824,0.8548,2.8912,4.6854
mixed,SVAE,3,M2,0.9457,0.0626,0.1804,0.4812,2.8806,2.6675
mixed,SVAE,4,M1,0.9986,0.1413,0.4076,2.1061,2.8839,5.1675
mixed,SVAE,4,M2,0.9793,0.1393,0.4055,1.6086,2.9117,3.967
mixed,SVAE,5,M1,0.9977,0.4063,1.1897,7.1463,2.9278,6.0069
mixed,SVAE,5,M2,0.9976,0.4043,1.1876,6.525,2.9377,5.4943
mixed,SVAE,6,M1,0.9953,1.4249,4.1999,29.5362,2.9474,7.0326
mixed,SVAE,6,M2,0.9945,1.4229,4.1978,28.791,2.9503,6.8586
mixed,SVAE,7,M1,0.9634,5.4589,16.1234,130.3137,2.9536,8.0823
mixed,SVAE,7,M2,0.9633,5.4568,16.1213,129.4446,2.9544,8.0294
mixed,SVAE,8,M1,0.8677,21.558,63.7037,580.8096,2.955,9.1174
mixed,SVAE,8,M2,0.8681,21.5559,63.7015,579.8167,2.9552,9.1021
pure,SCGAN,3,M1,0.9987,4.4656,32.5283,429.0666,7.2841,13.1906
pure,SCGAN,3,M2,0.9979,4.4654,32.5281,429.0222,7.2844,13.1893
pure,SCGAN,4,M1,0.9982,17.8618,32.5283,429.0666,1.8211,13.1906
pure,SCGAN,4,M2,0.9969,17.8616,32.5281,429.0222,1.8211,13.1893
pure,SCGAN,5,M1,0.9986,71.4465,126.9999,1623.3517,1.7776,12.7823
pure,SCGAN,5,M2,0.9978,71.4463,126.9997,1623.1745,1.7776,12.7809
pure,SCGAN,6,M1,0.9986,457.2562,803.089,10099.1696,1.7563,12.5754
pure,SCGAN,6,M2,0.998,457.2558,803.0886,10098.0369,1.7563,12.574
pure,SCGAN,7,M1,0.6686,1829.0237,3193.1877,39823.1627,1.7458,12.4713
pure,SCGAN,7,M2,0.9953,1829.023,3193.187,39818.6326,1.7458,12.4699
pure,SCGAN,8,M1,0.9992,10059.629,17510.1666,217459.9148,1.7406,12.4191
pure,SCGAN,8,M2,0.9955,10059.626,17510.1637,217435.0002,1.7406,12.4176
pure,SCNN,3,M1,1.0,0.9924,2.8764,33.788,2.8985,11.7465
pure,SCNN,3,M2,0.9692,0.9923,2.8763,33.6287,2.8986,11.6915
pure,SCNN,4,M1,0.9889,1.8102,5.2507,60.4841,2.9005,11.5194
pure,SCNN,4,M2,0.9767,1.8101,5.2505,60.2009,2.9006,11.4656
pure,SCNN,5,M1,0.9934,3.032,8.807,96.3359,2.9047,10.9386
pure,SCNN,5,M2,0.9471,3.0318,8.8068,95.8935,2.9048,10.8885
pure,SCNN,6,M1,0.9987,10.4439,30.4312,292.8216,2.9138,9.6224
pure,SCNN,6,M2,0.9955,10.4436,30.431,291.5475,2.9138,9.5806
pure,SCNN,7,M1,0.9957,42.5506,124.6311,923.9121,2.929,7.4132
pure,SCNN,7,M2,0.993,42.5499,124.6304,920.4436,2.929,7.3854
pure,SCNN,8,M1,0.9908,113.2363,333.4314,1724.4591,2.9446,5.1719
pure,SCNN,8,M2,0.9854,113.2355,333.4307,1719.9289,2.9446,5.1583
pure,SVAE,3,M1,0.998,0.188,0.5413,1.479,2.8787,2.7323
pure,SVAE,3,M2,0.9982,0.1883,0.5416,1.5324,2.8757,2.8294
pure,SVAE,4,M1,0.9969,0.418,1.2167,4.8732,2.9108,4.0053
pure,SVAE,4,M2,0.9976,0.4189,1.2176,5.0864,2.9067,4.1775
pure,SVAE,5,M1,0.997,1.213,3.563,19.6341,2.9374,5.5106
pure,SVAE,5,M2,0.9972,1.2151,3.5651,20.2554,2.9341,5.6816
pure,SVAE,6,M1,0.9944,4.2688,12.5936,86.444,2.9502,6.8641
pure,SVAE,6,M2,0.9954,4.2733,12.5981,88.0408,2.9481,6.9884
pure,SVAE,7,M1,0.9918,21.8274,64.4854,517.8889,2.9543,8.0311
pure,SVAE,7,M2,0.9915,21.8399,64.4978,523.0204,2.9532,8.1091
pure,SVAE,8,M1,0.9802,129.3355,382.2097,3479.0894,2.9552,9.1026
pure,SVAE,8,M2,0.9792,129.3737,382.2477,3496.9619,2.9546,9.1484
