state_type,architecture,hardware,M,n_seeds,F_k1_mean,F_k1_std,F_k10_mean,F_k10_std,F_train_mean,F_train_std,E_inf_uJ
bures_mixed,SCGAN,Crossbar-4b,12,3,0.5701,0.0124,0.5804,0.0114,0.5746,0.0112,3.0403
bures_mixed,SCGAN,Crossbar-8b,12,3,0.5731,0.0072,0.5828,0.0069,0.5724,0.0066,11.4035
bures_mixed,SCGAN,GPU,12,3,0.6265,0.0022,0.6265,0.0022,0.6265,0.0022,365.2241
bures_mixed,SCGAN,Loihi,12,3,0.5727,0.0019,0.5825,0.0019,0.5732,0.0067,3.7118
bures_mixed,SCGAN,PdNeuRAM,12,3,0.5731,0.0072,0.5828,0.0069,0.5724,0.0066,7.3738
bures_mixed,SCGAN,Crossbar-4b,24,3,0.6641,0.0094,0.6757,0.0087,0.6617,0.0101,3.0404
bures_mixed,SCGAN,Crossbar-8b,24,3,0.6679,0.0128,0.6807,0.0116,0.6669,0.0134,11.4038
bures_mixed,SCGAN,GPU,24,3,0.7296,0.0024,0.7296,0.0024,0.7296,0.0024,365.4318
bures_mixed,SCGAN,Loihi,24,3,0.6677,0.0126,0.6799,0.0123,0.6658,0.0135,3.712
bures_mixed,SCGAN,PdNeuRAM,24,3,0.6679,0.0128,0.6807,0.0116,0.6669,0.0134,7.3741
bures_mixed,SCGAN,Crossbar-4b,48,3,0.7688,0.005,0.7803,0.0049,0.7683,0.0043,3.0405
bures_mixed,SCGAN,Crossbar-8b,48,3,0.7939,0.0021,0.8077,0.0018,0.7928,0.0032,11.4043
bures_mixed,SCGAN,GPU,48,3,0.8504,0.0025,0.8504,0.0025,0.8504,0.0025,365.8473
bures_mixed,SCGAN,Loihi,48,3,0.7882,0.0054,0.8024,0.0044,0.7874,0.0077,3.7125
bures_mixed,SCGAN,PdNeuRAM,48,3,0.7939,0.0021,0.8077,0.0018,0.7928,0.0032,7.3746
bures_mixed,SCGAN,Crossbar-4b,63,3,0.8074,0.0017,0.8198,0.0023,0.8073,0.0028,3.0406
bures_mixed,SCGAN,Crossbar-8b,63,3,0.844,0.0005,0.8587,0.0006,0.8453,0.0007,11.4046
bures_mixed,SCGAN,GPU,63,3,0.8848,0.0086,0.8848,0.0086,0.8848,0.0086,366.107
bures_mixed,SCGAN,Loihi,63,3,0.8428,0.0046,0.8576,0.0042,0.8407,0.0041,3.7128
bures_mixed,SCGAN,PdNeuRAM,63,3,0.844,0.0005,0.8587,0.0006,0.8453,0.0007,7.3749
bures_mixed,SVAE,Crossbar-4b,12,3,0.5578,0.0018,0.5716,0.0014,0.5532,0.0039,0.0166
bures_mixed,SVAE,Crossbar-8b,12,3,0.5717,0.0123,0.584,0.0118,0.5685,0.0173,0.0627
bures_mixed,SVAE,GPU,12,3,0.5841,0.0359,0.5841,0.0359,0.5841,0.0359,2.7895
bures_mixed,SVAE,Loihi,12,3,0.5685,0.0069,0.5814,0.0062,0.5641,0.0048,0.0127
bures_mixed,SVAE,PdNeuRAM,12,3,0.5717,0.0123,0.584,0.0118,0.5685,0.0173,0.0403
bures_mixed,SVAE,Crossbar-4b,24,3,0.6158,0.0015,0.6327,0.0024,0.6143,0.0033,0.0166
bures_mixed,SVAE,Crossbar-8b,24,3,0.6364,0.0072,0.653,0.0076,0.6339,0.0065,0.0628
bures_mixed,SVAE,GPU,24,3,0.7433,0.0011,0.7433,0.0011,0.7433,0.0011,2.9453
bures_mixed,SVAE,Loihi,24,3,0.6129,0.0087,0.6313,0.0085,0.608,0.008,0.0128
bures_mixed,SVAE,PdNeuRAM,24,3,0.6364,0.0072,0.653,0.0076,0.6339,0.0065,0.0404
bures_mixed,SVAE,Crossbar-4b,48,3,0.6414,0.0102,0.6582,0.0107,0.6408,0.0126,0.0167
bures_mixed,SVAE,Crossbar-8b,48,3,0.6296,0.0122,0.6485,0.011,0.631,0.0081,0.063
bures_mixed,SVAE,GPU,48,3,0.7692,0.0152,0.7692,0.0152,0.7692,0.0152,3.2569
bures_mixed,SVAE,Loihi,48,3,0.6391,0.0064,0.6567,0.0066,0.6344,0.0024,0.0129
bures_mixed,SVAE,PdNeuRAM,48,3,0.6296,0.0122,0.6485,0.011,0.631,0.0081,0.0406
bures_mixed,SVAE,Crossbar-4b,63,3,0.6911,0.0011,0.703,0.0016,0.6893,0.0033,0.0167
bures_mixed,SVAE,Crossbar-8b,63,3,0.6943,0.0016,0.7066,0.0015,0.6949,0.0006,0.0631
bures_mixed,SVAE,GPU,63,3,0.7874,0.0026,0.7874,0.0026,0.7874,0.0026,3.4517
bures_mixed,SVAE,Loihi,63,3,0.6963,0.0033,0.7087,0.0037,0.6969,0.0028,0.013
bures_mixed,SVAE,PdNeuRAM,63,3,0.6943,0.0016,0.7066,0.0015,0.6949,0.0006,0.0407
haar_pure,SCGAN,Crossbar-4b,12,3,0.2855,0.0006,0.2861,0.0007,0.2808,0.0012,3.0403
haar_pure,SCGAN,Crossbar-8b,12,3,0.289,0.0027,0.2897,0.0033,0.2828,0.0031,11.4035
haar_pure,SCGAN,GPU,12,3,0.3792,0.0097,0.3792,0.0097,0.3792,0.0097,365.2241
haar_pure,SCGAN,Loihi,12,3,0.2927,0.0043,0.2924,0.0045,0.2876,0.0052,3.7118
haar_pure,SCGAN,PdNeuRAM,12,3,0.289,0.0027,0.2897,0.0033,0.2828,0.0031,7.3738
haar_pure,SCGAN,Crossbar-4b,24,3,0.3859,0.0034,0.3859,0.0023,0.3824,0.0056,3.0404
haar_pure,SCGAN,Crossbar-8b,24,3,0.3989,0.0033,0.3989,0.0028,0.3929,0.0043,11.4038
haar_pure,SCGAN,GPU,24,3,0.6016,0.0088,0.6016,0.0088,0.6016,0.0088,365.4318
haar_pure,SCGAN,Loihi,24,3,0.3987,0.0026,0.3988,0.0019,0.389,0.0044,3.712
haar_pure,SCGAN,PdNeuRAM,24,3,0.3989,0.0033,0.3989,0.0028,0.3929,0.0043,7.3741
haar_pure,SCGAN,Crossbar-4b,48,3,0.5217,0.0107,0.5216,0.0103,0.5138,0.0074,3.0405
haar_pure,SCGAN,Crossbar-8b,48,3,0.5853,0.0031,0.5851,0.0029,0.5837,0.0063,11.4043
haar_pure,SCGAN,GPU,48,3,0.8556,0.0052,0.8556,0.0052,0.8556,0.0052,365.8473
haar_pure,SCGAN,Loihi,48,3,0.5878,0.0024,0.5863,0.0021,0.5883,0.0025,3.7125
haar_pure,SCGAN,PdNeuRAM,48,3,0.5853,0.0031,0.5851,0.0029,0.5837,0.0063,7.3746
haar_pure,SCGAN,Crossbar-4b,63,3,0.6466,0.023,0.6468,0.0238,0.6428,0.0245,3.0406
haar_pure,SCGAN,Crossbar-8b,63,3,0.7217,0.0031,0.721,0.0032,0.7177,0.0039,11.4046
haar_pure,SCGAN,GPU,63,3,0.9909,0.0003,0.9909,0.0003,0.9909,0.0003,366.107
haar_pure,SCGAN,Loihi,63,3,0.7179,0.0023,0.7174,0.0022,0.7159,0.0043,3.7128
haar_pure,SCGAN,PdNeuRAM,63,3,0.7217,0.0031,0.721,0.0032,0.7177,0.0039,7.3749
haar_pure,SVAE,Crossbar-4b,12,3,0.2556,0.0031,0.2557,0.0014,0.2519,0.0009,0.0166
haar_pure,SVAE,Crossbar-8b,12,3,0.2552,0.0005,0.2555,0.0018,0.2514,0.0019,0.0627
haar_pure,SVAE,GPU,12,3,0.3592,0.0024,0.3592,0.0024,0.3592,0.0024,2.7895
haar_pure,SVAE,Loihi,12,3,0.2546,0.0016,0.2553,0.0009,0.2507,0.0026,0.0127
haar_pure,SVAE,PdNeuRAM,12,3,0.2552,0.0005,0.2555,0.0018,0.2514,0.0019,0.0403
haar_pure,SVAE,Crossbar-4b,24,3,0.3313,0.0014,0.3307,0.001,0.328,0.0024,0.0166
haar_pure,SVAE,Crossbar-8b,24,3,0.3336,0.0013,0.334,0.0013,0.3317,0.0025,0.0628
haar_pure,SVAE,GPU,24,3,0.6213,0.0018,0.6213,0.0018,0.6213,0.0018,2.9453
haar_pure,SVAE,Loihi,24,3,0.3354,0.0049,0.3351,0.0046,0.3324,0.0035,0.0128
haar_pure,SVAE,PdNeuRAM,24,3,0.3336,0.0013,0.334,0.0013,0.3317,0.0025,0.0404
haar_pure,SVAE,Crossbar-4b,48,3,0.3747,0.0053,0.3767,0.0049,0.3751,0.0068,0.0167
haar_pure,SVAE,Crossbar-8b,48,3,0.3885,0.0039,0.3869,0.005,0.382,0.0083,0.063
haar_pure,SVAE,GPU,48,3,0.8835,0.0074,0.8835,0.0074,0.8835,0.0074,3.2569
haar_pure,SVAE,Loihi,48,3,0.3812,0.0013,0.3815,0.0027,0.3781,0.008,0.0129
haar_pure,SVAE,PdNeuRAM,48,3,0.3885,0.0039,0.3869,0.005,0.382,0.0083,0.0406
haar_pure,SVAE,Crossbar-4b,63,3,0.4057,0.0053,0.4071,0.004,0.4093,0.0045,0.0167
haar_pure,SVAE,Crossbar-8b,63,3,0.4244,0.0171,0.4246,0.0195,0.426,0.0125,0.0631
haar_pure,SVAE,GPU,63,3,0.9877,0.0006,0.9877,0.0006,0.9877,0.0006,3.4517
haar_pure,SVAE,Loihi,63,3,0.4293,0.0041,0.4292,0.0069,0.4384,0.0123,0.013
haar_pure,SVAE,PdNeuRAM,63,3,0.4244,0.0171,0.4246,0.0195,0.426,0.0125,0.0407
