sweep,model,hardware,N,method,sweep_axis,sweep_value,n_seeds,F_mean,F_std,F_sem,E_inf_uJ_mean,E_inf_uJ_std
capacity,CNN,GPU,5,M1,label,D1,3,0.8512,0.0022,0.0013,189.2705,0.0
capacity,CNN,GPU,5,M1,label,D3,3,0.8614,0.0058,0.0034,454.7354,0.0
capacity,CNN,GPU,5,M1,label,D4,3,0.8564,0.0032,0.0019,587.4679,0.0
capacity,CNN,GPU,5,M1,label,L,3,0.8514,0.0038,0.0022,322.003,0.0
capacity,CNN,GPU,5,M1,label,M,3,0.8597,0.0025,0.0014,111.2316,0.0
capacity,CNN,GPU,5,M1,label,S,3,0.8626,0.0013,0.0007,43.1734,0.0
capacity,CNN,GPU,5,M1,label,XL,3,0.8476,0.002,0.0011,1042.1648,0.0
capacity,CNN,GPU,5,M1,label,XS,3,0.8642,0.0043,0.0025,18.4761,0.0
capacity,CNN,GPU,5,M1,label,XXL,3,0.8498,0.0016,0.0009,3676.965,0.0
capacity,CNN,GPU,5,M2,label,D1,3,0.7528,0.0413,0.0239,638.0841,0.0
capacity,CNN,GPU,5,M2,label,D3,3,0.7546,0.0191,0.011,903.549,0.0
capacity,CNN,GPU,5,M2,label,D4,3,0.7579,0.005,0.0029,1036.2815,0.0
capacity,CNN,GPU,5,M2,label,L,3,0.7463,0.0225,0.013,770.8166,0.0
capacity,CNN,GPU,5,M2,label,M,3,0.7406,0.0348,0.0201,335.6384,0.0
capacity,CNN,GPU,5,M2,label,S,3,0.7523,0.0382,0.0221,155.3768,0.0
capacity,CNN,GPU,5,M2,label,XL,3,0.7377,0.0299,0.0173,1939.792,0.0
capacity,CNN,GPU,5,M2,label,XS,3,0.7308,0.0177,0.0102,74.5778,0.0
capacity,CNN,GPU,5,M2,label,XXL,3,0.7561,0.0406,0.0234,5472.2194,0.0
capacity,SCNN-Crossbar-4b,Crossbar-4b,5,M1,label,D1,3,0.7546,0.0156,0.009,0.2316,0.0
capacity,SCNN-Crossbar-4b,Crossbar-4b,5,M1,label,D3,3,0.7618,0.0177,0.0102,0.2375,0.0
capacity,SCNN-Crossbar-4b,Crossbar-4b,5,M1,label,D4,3,0.7496,0.0252,0.0145,0.2405,0.0
capacity,SCNN-Crossbar-4b,Crossbar-4b,5,M1,label,L,3,0.7464,0.0042,0.0024,0.2346,0.0
capacity,SCNN-Crossbar-4b,Crossbar-4b,5,M1,label,M,3,0.7698,0.0141,0.0081,0.1618,0.0
capacity,SCNN-Crossbar-4b,Crossbar-4b,5,M1,label,S,3,0.7973,0.0085,0.0049,0.1254,0.0
capacity,SCNN-Crossbar-4b,Crossbar-4b,5,M1,label,XL,3,0.7792,0.0038,0.0022,0.3804,0.0
capacity,SCNN-Crossbar-4b,Crossbar-4b,5,M1,label,XS,3,0.8103,0.0042,0.0024,0.1072,0.0
capacity,SCNN-Crossbar-4b,Crossbar-4b,5,M1,label,XXL,3,0.7758,0.0204,0.0118,0.6725,0.0
capacity,SCNN-Crossbar-4b,Crossbar-4b,5,M2,label,D1,3,0.8027,0.0351,0.0203,0.239,0.0
capacity,SCNN-Crossbar-4b,Crossbar-4b,5,M2,label,D3,3,0.8199,0.0138,0.008,0.2449,0.0
capacity,SCNN-Crossbar-4b,Crossbar-4b,5,M2,label,D4,3,0.8161,0.0112,0.0064,0.2479,0.0
capacity,SCNN-Crossbar-4b,Crossbar-4b,5,M2,label,L,3,0.8104,0.0187,0.0108,0.242,0.0
capacity,SCNN-Crossbar-4b,Crossbar-4b,5,M2,label,M,3,0.8356,0.0312,0.018,0.1665,0.0
capacity,SCNN-Crossbar-4b,Crossbar-4b,5,M2,label,S,3,0.8385,0.0076,0.0044,0.1288,0.0
capacity,SCNN-Crossbar-4b,Crossbar-4b,5,M2,label,XL,3,0.8305,0.0118,0.0068,0.3931,0.0
capacity,SCNN-Crossbar-4b,Crossbar-4b,5,M2,label,XS,3,0.8335,0.0287,0.0166,0.1099,0.0
capacity,SCNN-Crossbar-4b,Crossbar-4b,5,M2,label,XXL,3,0.804,0.0328,0.0189,0.6959,0.0
capacity,SCNN-Crossbar-8b,Crossbar-8b,5,M1,label,D1,3,0.7556,0.0046,0.0027,0.8711,0.0
capacity,SCNN-Crossbar-8b,Crossbar-8b,5,M1,label,D3,3,0.7566,0.0084,0.0049,0.8931,0.0
capacity,SCNN-Crossbar-8b,Crossbar-8b,5,M1,label,D4,3,0.7575,0.0034,0.002,0.9042,0.0
capacity,SCNN-Crossbar-8b,Crossbar-8b,5,M1,label,L,3,0.7617,0.01,0.0058,0.8821,0.0
capacity,SCNN-Crossbar-8b,Crossbar-8b,5,M1,label,M,3,0.7985,0.0077,0.0045,0.6091,0.0
capacity,SCNN-Crossbar-8b,Crossbar-8b,5,M1,label,S,3,0.823,0.0081,0.0047,0.4726,0.0
capacity,SCNN-Crossbar-8b,Crossbar-8b,5,M1,label,XL,3,0.7475,0.0104,0.006,1.4283,0.0
capacity,SCNN-Crossbar-8b,Crossbar-8b,5,M1,label,XS,3,0.8198,0.0083,0.0048,0.4044,0.0
capacity,SCNN-Crossbar-8b,Crossbar-8b,5,M1,label,XXL,3,0.7481,0.0076,0.0044,2.521,0.0
capacity,SCNN-Crossbar-8b,Crossbar-8b,5,M2,label,D1,3,0.8207,0.0241,0.0139,0.8847,0.0
capacity,SCNN-Crossbar-8b,Crossbar-8b,5,M2,label,D3,3,0.8005,0.0323,0.0186,0.9068,0.0
capacity,SCNN-Crossbar-8b,Crossbar-8b,5,M2,label,D4,3,0.8316,0.0302,0.0175,0.9178,0.0
capacity,SCNN-Crossbar-8b,Crossbar-8b,5,M2,label,L,3,0.8176,0.0251,0.0145,0.8957,0.0
capacity,SCNN-Crossbar-8b,Crossbar-8b,5,M2,label,M,3,0.8477,0.0176,0.0102,0.6201,0.0
capacity,SCNN-Crossbar-8b,Crossbar-8b,5,M2,label,S,3,0.8346,0.028,0.0162,0.4823,0.0
capacity,SCNN-Crossbar-8b,Crossbar-8b,5,M2,label,XL,3,0.8363,0.018,0.0104,1.4472,0.0
capacity,SCNN-Crossbar-8b,Crossbar-8b,5,M2,label,XS,3,0.8637,0.0102,0.0059,0.4134,0.0
capacity,SCNN-Crossbar-8b,Crossbar-8b,5,M2,label,XXL,3,0.8332,0.0191,0.011,2.5506,0.0
capacity,SCNN-Loihi,Loihi,5,M1,label,D1,3,0.7519,0.0009,0.0005,0.2241,0.0
capacity,SCNN-Loihi,Loihi,5,M1,label,D3,3,0.754,0.0044,0.0025,0.2328,0.0
capacity,SCNN-Loihi,Loihi,5,M1,label,D4,3,0.7501,0.0171,0.0099,0.2372,0.0
capacity,SCNN-Loihi,Loihi,5,M1,label,L,3,0.757,0.0076,0.0044,0.2285,0.0
capacity,SCNN-Loihi,Loihi,5,M1,label,M,3,0.7579,0.0012,0.0007,0.145,0.0
capacity,SCNN-Loihi,Loihi,5,M1,label,S,3,0.7599,0.0023,0.0013,0.1039,0.0
capacity,SCNN-Loihi,Loihi,5,M1,label,XL,3,0.7657,0.0093,0.0054,0.4009,0.0
capacity,SCNN-Loihi,Loihi,5,M1,label,XS,3,0.7674,0.0085,0.0049,0.0835,0.0
capacity,SCNN-Loihi,Loihi,5,M1,label,XXL,3,0.7805,0.0065,0.0037,0.7672,0.0
capacity,SCNN-Loihi,Loihi,5,M2,label,D1,3,0.8191,0.0119,0.0069,0.4391,0.0
capacity,SCNN-Loihi,Loihi,5,M2,label,D3,3,0.8118,0.0176,0.0102,0.4479,0.0
capacity,SCNN-Loihi,Loihi,5,M2,label,D4,3,0.8169,0.0311,0.0179,0.4522,0.0
capacity,SCNN-Loihi,Loihi,5,M2,label,L,3,0.8035,0.036,0.0208,0.4435,0.0
capacity,SCNN-Loihi,Loihi,5,M2,label,M,3,0.7978,0.0176,0.0101,0.2525,0.0
capacity,SCNN-Loihi,Loihi,5,M2,label,S,3,0.813,0.0065,0.0037,0.1576,0.0
capacity,SCNN-Loihi,Loihi,5,M2,label,XL,3,0.8046,0.009,0.0052,0.8309,0.0
capacity,SCNN-Loihi,Loihi,5,M2,label,XS,3,0.8085,0.0159,0.0092,0.1104,0.0
capacity,SCNN-Loihi,Loihi,5,M2,label,XXL,3,0.8218,0.0294,0.017,1.6273,0.0
m,SCNN-Crossbar-4b,Crossbar-4b,8,M1,M,8,3,0.485,0.0231,0.0133,6.0357,0.0
m,SCNN-Crossbar-4b,Crossbar-4b,8,M1,M,16,3,0.6299,0.0492,0.0284,6.0358,0.0
m,SCNN-Crossbar-4b,Crossbar-4b,8,M1,M,32,3,0.7084,0.0037,0.0021,6.036,0.0
m,SCNN-Crossbar-4b,Crossbar-4b,8,M1,M,64,3,0.7478,0.0351,0.0203,6.0365,0.0
m,SCNN-Crossbar-4b,Crossbar-4b,8,M1,M,128,3,0.7786,0.01,0.0057,6.0375,0.0
m,SCNN-Crossbar-4b,Crossbar-4b,8,M1,M,256,3,0.8059,0.0075,0.0043,6.0394,0.0
m,SCNN-Crossbar-4b,Crossbar-4b,8,M1,M,512,3,0.8204,0.0059,0.0034,6.0433,0.0
m,SCNN-Crossbar-4b,Crossbar-4b,8,M1,M,720,3,0.8193,0.0051,0.003,6.0464,0.0
m,SCNN-Crossbar-4b,Crossbar-4b,8,M1,M,1024,3,0.8185,0.0069,0.004,6.051,0.0
m,SCNN-Crossbar-4b,Crossbar-4b,8,M2,M,2,3,0.8139,0.0333,0.0192,6.0433,0.0
m,SCNN-Crossbar-4b,Crossbar-4b,8,M2,M,4,3,0.8304,0.0045,0.0026,6.051,0.0
m,SCNN-Crossbar-4b,Crossbar-4b,8,M2,M,8,3,0.8241,0.0179,0.0104,6.0665,0.0
m,SCNN-Crossbar-4b,Crossbar-4b,8,M2,M,12,3,0.8231,0.0073,0.0042,6.082,0.0
m,SCNN-Crossbar-4b,Crossbar-4b,8,M2,M,16,3,0.823,0.0003,0.0002,6.0974,0.0
m,SCNN-Crossbar-4b,Crossbar-4b,8,M2,M,24,3,0.8166,0.0091,0.0052,6.1284,0.0
m,SCNN-Crossbar-4b,Crossbar-4b,8,M2,M,32,3,0.8146,0.0039,0.0022,6.1593,0.0
m,SCNN-Crossbar-4b,Crossbar-4b,8,M2,M,40,3,0.8114,0.0062,0.0036,6.1903,0.0
m,SCNN-Crossbar-4b,Crossbar-4b,8,M2,M,48,3,0.8175,0.0004,0.0002,6.2212,0.0
m,SCNN-Crossbar-4b,Crossbar-4b,8,M2,M,64,3,0.8151,0.0035,0.002,6.2831,0.0
m,SCNN-Crossbar-8b,Crossbar-8b,8,M1,M,8,3,0.5123,0.027,0.0156,22.7637,0.0
m,SCNN-Crossbar-8b,Crossbar-8b,8,M1,M,16,3,0.7253,0.0054,0.0031,22.7639,0.0
m,SCNN-Crossbar-8b,Crossbar-8b,8,M1,M,32,3,0.7698,0.011,0.0064,22.7642,0.0
m,SCNN-Crossbar-8b,Crossbar-8b,8,M1,M,64,3,0.7927,0.0145,0.0084,22.7649,0.0
m,SCNN-Crossbar-8b,Crossbar-8b,8,M1,M,128,3,0.8179,0.0027,0.0015,22.7663,0.0
m,SCNN-Crossbar-8b,Crossbar-8b,8,M1,M,256,3,0.8166,0.0055,0.0032,22.769,0.0
m,SCNN-Crossbar-8b,Crossbar-8b,8,M1,M,512,3,0.8186,0.0043,0.0025,22.7744,0.0
m,SCNN-Crossbar-8b,Crossbar-8b,8,M1,M,720,3,0.8153,0.0014,0.0008,22.7788,0.0
m,SCNN-Crossbar-8b,Crossbar-8b,8,M1,M,1024,3,0.8179,0.0044,0.0026,22.7852,0.0
m,SCNN-Crossbar-8b,Crossbar-8b,8,M2,M,2,3,0.7292,0.0279,0.0161,22.7744,0.0
m,SCNN-Crossbar-8b,Crossbar-8b,8,M2,M,4,3,0.7173,0.0231,0.0134,22.7852,0.0
m,SCNN-Crossbar-8b,Crossbar-8b,8,M2,M,8,3,0.7095,0.0134,0.0077,22.8068,0.0
m,SCNN-Crossbar-8b,Crossbar-8b,8,M2,M,12,3,0.6783,0.0157,0.009,22.8284,0.0
m,SCNN-Crossbar-8b,Crossbar-8b,8,M2,M,16,3,0.6482,0.0206,0.0119,22.85,0.0
m,SCNN-Crossbar-8b,Crossbar-8b,8,M2,M,24,3,0.6766,0.02,0.0116,22.8932,0.0
m,SCNN-Crossbar-8b,Crossbar-8b,8,M2,M,32,3,0.6603,0.0268,0.0155,22.9365,0.0
m,SCNN-Crossbar-8b,Crossbar-8b,8,M2,M,40,3,0.6384,0.0175,0.0101,22.9797,0.0
m,SCNN-Crossbar-8b,Crossbar-8b,8,M2,M,48,3,0.6733,0.0082,0.0047,23.0229,0.0
m,SCNN-Crossbar-8b,Crossbar-8b,8,M2,M,64,3,0.6607,0.0273,0.0158,23.1094,0.0
m,SCNN-Loihi,Loihi,8,M1,M,8,3,0.577,0.0151,0.0087,4.8558,0.0
m,SCNN-Loihi,Loihi,8,M1,M,16,3,0.7612,0.0023,0.0013,4.8601,0.0
m,SCNN-Loihi,Loihi,8,M1,M,32,3,0.7806,0.0053,0.0031,4.8686,0.0
m,SCNN-Loihi,Loihi,8,M1,M,64,3,0.7914,0.0082,0.0047,4.8856,0.0
m,SCNN-Loihi,Loihi,8,M1,M,128,3,0.8173,0.001,0.0006,4.9195,0.0
m,SCNN-Loihi,Loihi,8,M1,M,256,3,0.8273,0.0036,0.0021,4.9875,0.0
m,SCNN-Loihi,Loihi,8,M1,M,512,3,0.8293,0.0007,0.0004,5.1234,0.0
m,SCNN-Loihi,Loihi,8,M1,M,720,3,0.831,0.0025,0.0015,5.2338,0.0
m,SCNN-Loihi,Loihi,8,M1,M,1024,3,0.8337,0.0019,0.0011,5.3952,0.0
m,SCNN-Loihi,Loihi,8,M2,M,2,3,0.7734,0.019,0.011,5.1234,0.0
m,SCNN-Loihi,Loihi,8,M2,M,4,3,0.8113,0.0037,0.0021,5.3952,0.0
m,SCNN-Loihi,Loihi,8,M2,M,8,3,0.8104,0.0021,0.0012,5.9388,0.0
m,SCNN-Loihi,Loihi,8,M2,M,12,3,0.8092,0.0032,0.0019,6.4823,0.0
m,SCNN-Loihi,Loihi,8,M2,M,16,3,0.8072,0.0017,0.001,7.0259,0.0
m,SCNN-Loihi,Loihi,8,M2,M,24,3,0.7984,0.002,0.0012,8.1131,0.0
m,SCNN-Loihi,Loihi,8,M2,M,32,3,0.7873,0.0025,0.0014,9.2002,0.0
m,SCNN-Loihi,Loihi,8,M2,M,40,3,0.7747,0.0064,0.0037,10.2874,0.0
m,SCNN-Loihi,Loihi,8,M2,M,48,3,0.7655,0.004,0.0023,11.3746,0.0
m,SCNN-Loihi,Loihi,8,M2,M,64,3,0.7434,0.0047,0.0027,13.5489,0.0
p_scgan,CGAN,GPU,5,M1,p,0.0,3,1.0,0.0,0.0,1384.2039,0.0
p_scgan,CGAN,GPU,5,M1,p,0.1,3,0.4676,0.1735,0.1002,1384.2039,0.0
p_scgan,CGAN,GPU,5,M1,p,0.25,3,0.4255,0.0317,0.0183,1384.2039,0.0
p_scgan,CGAN,GPU,5,M1,p,0.4,3,0.5168,0.1489,0.0859,1384.2039,0.0
p_scgan,CGAN,GPU,5,M1,p,0.5,3,0.5768,0.0939,0.0542,1384.2039,0.0
p_scgan,CGAN,GPU,5,M1,p,0.6,3,0.6461,0.0218,0.0126,1384.2039,0.0
p_scgan,CGAN,GPU,5,M1,p,0.75,3,0.802,0.04,0.0231,1384.2039,0.0
p_scgan,CGAN,GPU,5,M1,p,0.9,3,0.9273,0.006,0.0035,1384.2039,0.0
p_scgan,CGAN,GPU,5,M1,p,1.0,3,0.9998,0.0,0.0,1384.2039,0.0
p_scgan,CGAN,GPU,5,M2,p,0.0,3,0.7275,0.0141,0.0081,1376.2404,0.0
p_scgan,CGAN,GPU,5,M2,p,0.1,3,0.7215,0.011,0.0063,1376.2404,0.0
p_scgan,CGAN,GPU,5,M2,p,0.25,3,0.7291,0.0024,0.0014,1376.2404,0.0
p_scgan,CGAN,GPU,5,M2,p,0.4,3,0.7059,0.0115,0.0066,1376.2404,0.0
p_scgan,CGAN,GPU,5,M2,p,0.5,3,0.7793,0.0209,0.012,1376.2404,0.0
p_scgan,CGAN,GPU,5,M2,p,0.6,3,0.7771,0.0194,0.0112,1376.2404,0.0
p_scgan,CGAN,GPU,5,M2,p,0.75,3,0.8679,0.006,0.0034,1376.2404,0.0
p_scgan,CGAN,GPU,5,M2,p,0.9,3,0.9493,0.0051,0.003,1376.2404,0.0
p_scgan,CGAN,GPU,5,M2,p,1.0,3,0.9994,0.0002,0.0001,1376.2404,0.0
p_scgan,SCGAN-Crossbar-4b,Crossbar-4b,5,M1,p,0.0,3,0.4376,0.0724,0.0418,4.7391,0.0
p_scgan,SCGAN-Crossbar-4b,Crossbar-4b,5,M1,p,0.1,3,0.4554,0.0766,0.0442,4.7391,0.0
p_scgan,SCGAN-Crossbar-4b,Crossbar-4b,5,M1,p,0.25,3,0.385,0.0243,0.014,4.7391,0.0
p_scgan,SCGAN-Crossbar-4b,Crossbar-4b,5,M1,p,0.4,3,0.478,0.0456,0.0263,4.7391,0.0
p_scgan,SCGAN-Crossbar-4b,Crossbar-4b,5,M1,p,0.5,3,0.5749,0.02,0.0116,4.7391,0.0
p_scgan,SCGAN-Crossbar-4b,Crossbar-4b,5,M1,p,0.6,3,0.7089,0.049,0.0283,4.7391,0.0
p_scgan,SCGAN-Crossbar-4b,Crossbar-4b,5,M1,p,0.75,3,0.838,0.0275,0.0159,4.7391,0.0
p_scgan,SCGAN-Crossbar-4b,Crossbar-4b,5,M1,p,0.9,3,0.946,0.0024,0.0014,4.7391,0.0
p_scgan,SCGAN-Crossbar-4b,Crossbar-4b,5,M1,p,1.0,3,0.9994,0.0002,0.0001,4.7391,0.0
p_scgan,SCGAN-Crossbar-4b,Crossbar-4b,5,M2,p,0.0,3,0.7432,0.0069,0.004,4.7388,0.0
p_scgan,SCGAN-Crossbar-4b,Crossbar-4b,5,M2,p,0.1,3,0.7142,0.016,0.0093,4.7388,0.0
p_scgan,SCGAN-Crossbar-4b,Crossbar-4b,5,M2,p,0.25,3,0.7628,0.0385,0.0222,4.7388,0.0
p_scgan,SCGAN-Crossbar-4b,Crossbar-4b,5,M2,p,0.4,3,0.7741,0.0244,0.0141,4.7388,0.0
p_scgan,SCGAN-Crossbar-4b,Crossbar-4b,5,M2,p,0.5,3,0.8208,0.0217,0.0125,4.7388,0.0
p_scgan,SCGAN-Crossbar-4b,Crossbar-4b,5,M2,p,0.6,3,0.8517,0.0173,0.01,4.7388,0.0
p_scgan,SCGAN-Crossbar-4b,Crossbar-4b,5,M2,p,0.75,3,0.9042,0.0085,0.0049,4.7388,0.0
p_scgan,SCGAN-Crossbar-4b,Crossbar-4b,5,M2,p,0.9,3,0.961,0.0011,0.0006,4.7388,0.0
p_scgan,SCGAN-Crossbar-4b,Crossbar-4b,5,M2,p,1.0,3,0.9989,0.0004,0.0002,4.7388,0.0
p_scgan,SCGAN-Crossbar-8b,Crossbar-8b,5,M1,p,0.0,3,0.5073,0.0825,0.0476,17.7779,0.0
p_scgan,SCGAN-Crossbar-8b,Crossbar-8b,5,M1,p,0.1,3,0.5165,0.0541,0.0313,17.7779,0.0
p_scgan,SCGAN-Crossbar-8b,Crossbar-8b,5,M1,p,0.25,3,0.4089,0.1551,0.0895,17.7779,0.0
p_scgan,SCGAN-Crossbar-8b,Crossbar-8b,5,M1,p,0.4,3,0.4385,0.0302,0.0175,17.7779,0.0
p_scgan,SCGAN-Crossbar-8b,Crossbar-8b,5,M1,p,0.5,3,0.5644,0.0851,0.0491,17.7779,0.0
p_scgan,SCGAN-Crossbar-8b,Crossbar-8b,5,M1,p,0.6,3,0.6387,0.0254,0.0147,17.7779,0.0
p_scgan,SCGAN-Crossbar-8b,Crossbar-8b,5,M1,p,0.75,3,0.8339,0.051,0.0294,17.7779,0.0
p_scgan,SCGAN-Crossbar-8b,Crossbar-8b,5,M1,p,0.9,3,0.9422,0.0132,0.0076,17.7779,0.0
p_scgan,SCGAN-Crossbar-8b,Crossbar-8b,5,M1,p,1.0,3,0.9995,0.0001,0.0,17.7779,0.0
p_scgan,SCGAN-Crossbar-8b,Crossbar-8b,5,M2,p,0.0,3,0.7428,0.0009,0.0005,17.7769,0.0
p_scgan,SCGAN-Crossbar-8b,Crossbar-8b,5,M2,p,0.1,3,0.7118,0.0098,0.0057,17.7769,0.0
p_scgan,SCGAN-Crossbar-8b,Crossbar-8b,5,M2,p,0.25,3,0.7402,0.0472,0.0273,17.7769,0.0
p_scgan,SCGAN-Crossbar-8b,Crossbar-8b,5,M2,p,0.4,3,0.7831,0.0228,0.0132,17.7769,0.0
p_scgan,SCGAN-Crossbar-8b,Crossbar-8b,5,M2,p,0.5,3,0.796,0.0095,0.0055,17.7769,0.0
p_scgan,SCGAN-Crossbar-8b,Crossbar-8b,5,M2,p,0.6,3,0.845,0.0083,0.0048,17.7769,0.0
p_scgan,SCGAN-Crossbar-8b,Crossbar-8b,5,M2,p,0.75,3,0.8997,0.0043,0.0025,17.7769,0.0
p_scgan,SCGAN-Crossbar-8b,Crossbar-8b,5,M2,p,0.9,3,0.9632,0.0028,0.0016,17.7769,0.0
p_scgan,SCGAN-Crossbar-8b,Crossbar-8b,5,M2,p,1.0,3,0.9987,0.0011,0.0006,17.7769,0.0
p_scgan,SCGAN-Loihi,Loihi,5,M1,p,0.0,3,0.4459,0.1063,0.0614,5.7201,0.0
p_scgan,SCGAN-Loihi,Loihi,5,M1,p,0.1,3,0.4647,0.0752,0.0434,5.7201,0.0
p_scgan,SCGAN-Loihi,Loihi,5,M1,p,0.25,3,0.4024,0.0826,0.0477,5.7201,0.0
p_scgan,SCGAN-Loihi,Loihi,5,M1,p,0.4,3,0.4333,0.0419,0.0242,5.7201,0.0
p_scgan,SCGAN-Loihi,Loihi,5,M1,p,0.5,3,0.5976,0.1517,0.0876,5.7201,0.0
p_scgan,SCGAN-Loihi,Loihi,5,M1,p,0.6,3,0.6233,0.0199,0.0115,5.7201,0.0
p_scgan,SCGAN-Loihi,Loihi,5,M1,p,0.75,3,0.8008,0.0265,0.0153,5.7201,0.0
p_scgan,SCGAN-Loihi,Loihi,5,M1,p,0.9,3,0.9449,0.0041,0.0024,5.7201,0.0
p_scgan,SCGAN-Loihi,Loihi,5,M1,p,1.0,3,0.9995,0.0001,0.0001,5.7201,0.0
p_scgan,SCGAN-Loihi,Loihi,5,M2,p,0.0,3,0.7419,0.0025,0.0015,5.7163,0.0
p_scgan,SCGAN-Loihi,Loihi,5,M2,p,0.1,3,0.7232,0.0085,0.0049,5.7163,0.0
p_scgan,SCGAN-Loihi,Loihi,5,M2,p,0.25,3,0.7068,0.0204,0.0118,5.7163,0.0
p_scgan,SCGAN-Loihi,Loihi,5,M2,p,0.4,3,0.7809,0.0227,0.0131,5.7163,0.0
p_scgan,SCGAN-Loihi,Loihi,5,M2,p,0.5,3,0.8157,0.0074,0.0043,5.7163,0.0
p_scgan,SCGAN-Loihi,Loihi,5,M2,p,0.6,3,0.8567,0.016,0.0092,5.7163,0.0
p_scgan,SCGAN-Loihi,Loihi,5,M2,p,0.75,3,0.901,0.0083,0.0048,5.7163,0.0
p_scgan,SCGAN-Loihi,Loihi,5,M2,p,0.9,3,0.9583,0.0046,0.0026,5.7163,0.0
p_scgan,SCGAN-Loihi,Loihi,5,M2,p,1.0,3,0.9985,0.0004,0.0003,5.7163,0.0
p_scnn,CNN,GPU,5,M1,p,0.0,3,0.0,0.0,0.0,322.003,0.0
p_scnn,CNN,GPU,5,M1,p,0.1,3,0.6933,0.0055,0.0032,322.003,0.0
p_scnn,CNN,GPU,5,M1,p,0.25,3,0.7223,0.0064,0.0037,322.003,0.0
p_scnn,CNN,GPU,5,M1,p,0.4,3,0.8157,0.0079,0.0046,322.003,0.0
p_scnn,CNN,GPU,5,M1,p,0.5,3,0.8576,0.009,0.0052,322.003,0.0
p_scnn,CNN,GPU,5,M1,p,0.6,3,0.8895,0.0031,0.0018,322.003,0.0
p_scnn,CNN,GPU,5,M1,p,0.75,3,0.9348,0.002,0.0012,322.003,0.0
p_scnn,CNN,GPU,5,M1,p,0.9,3,0.9714,0.0021,0.0012,322.003,0.0
p_scnn,CNN,GPU,5,M1,p,1.0,3,0.9999,0.0,0.0,322.003,0.0
p_scnn,CNN,GPU,5,M2,p,0.0,3,0.6814,0.0191,0.011,272.231,0.0
p_scnn,CNN,GPU,5,M2,p,0.1,3,0.6524,0.0115,0.0066,272.231,0.0
p_scnn,CNN,GPU,5,M2,p,0.25,3,0.6769,0.0169,0.0097,272.231,0.0
p_scnn,CNN,GPU,5,M2,p,0.4,3,0.7477,0.0102,0.0059,272.231,0.0
p_scnn,CNN,GPU,5,M2,p,0.5,3,0.794,0.0035,0.002,272.231,0.0
p_scnn,CNN,GPU,5,M2,p,0.6,3,0.8369,0.0044,0.0025,272.231,0.0
p_scnn,CNN,GPU,5,M2,p,0.75,3,0.8826,0.0077,0.0044,272.231,0.0
p_scnn,CNN,GPU,5,M2,p,0.9,3,0.9468,0.0007,0.0004,272.231,0.0
p_scnn,CNN,GPU,5,M2,p,1.0,3,0.9998,0.0,0.0,272.231,0.0
p_scnn,SCNN-Crossbar-4b,Crossbar-4b,5,M1,p,0.0,3,0.6334,0.0043,0.0025,0.2346,0.0
p_scnn,SCNN-Crossbar-4b,Crossbar-4b,5,M1,p,0.1,3,0.6495,0.0026,0.0015,0.2346,0.0
p_scnn,SCNN-Crossbar-4b,Crossbar-4b,5,M1,p,0.25,3,0.7087,0.0087,0.005,0.2346,0.0
p_scnn,SCNN-Crossbar-4b,Crossbar-4b,5,M1,p,0.4,3,0.7723,0.0033,0.0019,0.2346,0.0
p_scnn,SCNN-Crossbar-4b,Crossbar-4b,5,M1,p,0.5,3,0.8114,0.0037,0.0022,0.2346,0.0
p_scnn,SCNN-Crossbar-4b,Crossbar-4b,5,M1,p,0.6,3,0.8505,0.0091,0.0052,0.2346,0.0
p_scnn,SCNN-Crossbar-4b,Crossbar-4b,5,M1,p,0.75,3,0.8981,0.0103,0.006,0.2346,0.0
p_scnn,SCNN-Crossbar-4b,Crossbar-4b,5,M1,p,0.9,3,0.9306,0.0073,0.0042,0.2346,0.0
p_scnn,SCNN-Crossbar-4b,Crossbar-4b,5,M1,p,1.0,3,0.9971,0.0015,0.0009,0.2346,0.0
p_scnn,SCNN-Crossbar-4b,Crossbar-4b,5,M2,p,0.0,3,0.8068,0.0015,0.0008,0.2338,0.0
p_scnn,SCNN-Crossbar-4b,Crossbar-4b,5,M2,p,0.1,3,0.7915,0.0076,0.0044,0.2338,0.0
p_scnn,SCNN-Crossbar-4b,Crossbar-4b,5,M2,p,0.25,3,0.8155,0.0023,0.0013,0.2338,0.0
p_scnn,SCNN-Crossbar-4b,Crossbar-4b,5,M2,p,0.4,3,0.83,0.018,0.0104,0.2338,0.0
p_scnn,SCNN-Crossbar-4b,Crossbar-4b,5,M2,p,0.5,3,0.8622,0.0198,0.0114,0.2338,0.0
p_scnn,SCNN-Crossbar-4b,Crossbar-4b,5,M2,p,0.6,3,0.8727,0.0291,0.0168,0.2338,0.0
p_scnn,SCNN-Crossbar-4b,Crossbar-4b,5,M2,p,0.75,3,0.89,0.0199,0.0115,0.2338,0.0
p_scnn,SCNN-Crossbar-4b,Crossbar-4b,5,M2,p,0.9,3,0.9381,0.017,0.0098,0.2338,0.0
p_scnn,SCNN-Crossbar-4b,Crossbar-4b,5,M2,p,1.0,3,0.9895,0.0054,0.0031,0.2338,0.0
p_scnn,SCNN-Crossbar-8b,Crossbar-8b,5,M1,p,0.0,3,0.6892,0.0154,0.0089,0.8821,0.0
p_scnn,SCNN-Crossbar-8b,Crossbar-8b,5,M1,p,0.1,3,0.7067,0.0039,0.0022,0.8821,0.0
p_scnn,SCNN-Crossbar-8b,Crossbar-8b,5,M1,p,0.25,3,0.7487,0.0099,0.0057,0.8821,0.0
p_scnn,SCNN-Crossbar-8b,Crossbar-8b,5,M1,p,0.4,3,0.7976,0.0134,0.0077,0.8821,0.0
p_scnn,SCNN-Crossbar-8b,Crossbar-8b,5,M1,p,0.5,3,0.8186,0.0044,0.0026,0.8821,0.0
p_scnn,SCNN-Crossbar-8b,Crossbar-8b,5,M1,p,0.6,3,0.8583,0.0038,0.0022,0.8821,0.0
p_scnn,SCNN-Crossbar-8b,Crossbar-8b,5,M1,p,0.75,3,0.8823,0.037,0.0213,0.8821,0.0
p_scnn,SCNN-Crossbar-8b,Crossbar-8b,5,M1,p,0.9,3,0.9251,0.0074,0.0043,0.8821,0.0
p_scnn,SCNN-Crossbar-8b,Crossbar-8b,5,M1,p,1.0,3,0.9957,0.0042,0.0024,0.8821,0.0
p_scnn,SCNN-Crossbar-8b,Crossbar-8b,5,M2,p,0.0,3,0.7971,0.0255,0.0147,0.8806,0.0
p_scnn,SCNN-Crossbar-8b,Crossbar-8b,5,M2,p,0.1,3,0.8028,0.0172,0.0099,0.8806,0.0
p_scnn,SCNN-Crossbar-8b,Crossbar-8b,5,M2,p,0.25,3,0.7837,0.0068,0.0039,0.8806,0.0
p_scnn,SCNN-Crossbar-8b,Crossbar-8b,5,M2,p,0.4,3,0.7981,0.0348,0.0201,0.8806,0.0
p_scnn,SCNN-Crossbar-8b,Crossbar-8b,5,M2,p,0.5,3,0.8233,0.0149,0.0086,0.8806,0.0
p_scnn,SCNN-Crossbar-8b,Crossbar-8b,5,M2,p,0.6,3,0.8374,0.0133,0.0077,0.8806,0.0
p_scnn,SCNN-Crossbar-8b,Crossbar-8b,5,M2,p,0.75,3,0.8898,0.0069,0.004,0.8806,0.0
p_scnn,SCNN-Crossbar-8b,Crossbar-8b,5,M2,p,0.9,3,0.9133,0.0067,0.0038,0.8806,0.0
p_scnn,SCNN-Crossbar-8b,Crossbar-8b,5,M2,p,1.0,3,0.9857,0.0016,0.0009,0.8806,0.0
p_scnn,SCNN-Loihi,Loihi,5,M1,p,0.0,3,0.6902,0.0082,0.0047,0.2285,0.0
p_scnn,SCNN-Loihi,Loihi,5,M1,p,0.1,3,0.7006,0.0139,0.008,0.2285,0.0
p_scnn,SCNN-Loihi,Loihi,5,M1,p,0.25,3,0.7403,0.0067,0.0038,0.2285,0.0
p_scnn,SCNN-Loihi,Loihi,5,M1,p,0.4,3,0.792,0.0041,0.0024,0.2285,0.0
p_scnn,SCNN-Loihi,Loihi,5,M1,p,0.5,3,0.8351,0.002,0.0012,0.2285,0.0
p_scnn,SCNN-Loihi,Loihi,5,M1,p,0.6,3,0.858,0.0059,0.0034,0.2285,0.0
p_scnn,SCNN-Loihi,Loihi,5,M1,p,0.75,3,0.9098,0.0042,0.0025,0.2285,0.0
p_scnn,SCNN-Loihi,Loihi,5,M1,p,0.9,3,0.9376,0.0077,0.0044,0.2285,0.0
p_scnn,SCNN-Loihi,Loihi,5,M1,p,1.0,3,0.9923,0.0043,0.0025,0.2285,0.0
p_scnn,SCNN-Loihi,Loihi,5,M2,p,0.0,3,0.8082,0.0064,0.0037,0.2046,0.0
p_scnn,SCNN-Loihi,Loihi,5,M2,p,0.1,3,0.8177,0.0195,0.0112,0.2046,0.0
p_scnn,SCNN-Loihi,Loihi,5,M2,p,0.25,3,0.794,0.0064,0.0037,0.2046,0.0
p_scnn,SCNN-Loihi,Loihi,5,M2,p,0.4,3,0.8004,0.0224,0.013,0.2046,0.0
p_scnn,SCNN-Loihi,Loihi,5,M2,p,0.5,3,0.8194,0.0111,0.0064,0.2046,0.0
p_scnn,SCNN-Loihi,Loihi,5,M2,p,0.6,3,0.8516,0.0017,0.001,0.2046,0.0
p_scnn,SCNN-Loihi,Loihi,5,M2,p,0.75,3,0.8681,0.0129,0.0074,0.2046,0.0
p_scnn,SCNN-Loihi,Loihi,5,M2,p,0.9,3,0.8926,0.0092,0.0053,0.2046,0.0
p_scnn,SCNN-Loihi,Loihi,5,M2,p,1.0,3,0.9817,0.0047,0.0027,0.2046,0.0
p_svae,SVAE-Crossbar-4b,Crossbar-4b,5,M1,p,0.0,3,0.9931,0.0007,0.0004,0.0145,0.0
p_svae,SVAE-Crossbar-4b,Crossbar-4b,5,M1,p,0.1,3,0.993,0.0002,0.0001,0.0145,0.0
p_svae,SVAE-Crossbar-4b,Crossbar-4b,5,M1,p,0.25,3,0.9902,0.0007,0.0004,0.0145,0.0
p_svae,SVAE-Crossbar-4b,Crossbar-4b,5,M1,p,0.4,3,0.9857,0.0012,0.0007,0.0145,0.0
p_svae,SVAE-Crossbar-4b,Crossbar-4b,5,M1,p,0.5,3,0.9842,0.0012,0.0007,0.0145,0.0
p_svae,SVAE-Crossbar-4b,Crossbar-4b,5,M1,p,0.6,3,0.9844,0.002,0.0012,0.0145,0.0
p_svae,SVAE-Crossbar-4b,Crossbar-4b,5,M1,p,0.75,3,0.9799,0.0027,0.0016,0.0145,0.0
p_svae,SVAE-Crossbar-4b,Crossbar-4b,5,M1,p,0.9,3,0.9764,0.0005,0.0003,0.0145,0.0
p_svae,SVAE-Crossbar-4b,Crossbar-4b,5,M1,p,1.0,3,0.9916,0.0098,0.0056,0.0145,0.0
p_svae,SVAE-Crossbar-4b,Crossbar-4b,5,M2,p,0.0,3,0.9932,0.0015,0.0009,0.0142,0.0
p_svae,SVAE-Crossbar-4b,Crossbar-4b,5,M2,p,0.1,3,0.9908,0.0007,0.0004,0.0142,0.0
p_svae,SVAE-Crossbar-4b,Crossbar-4b,5,M2,p,0.25,3,0.9861,0.002,0.0012,0.0142,0.0
p_svae,SVAE-Crossbar-4b,Crossbar-4b,5,M2,p,0.4,3,0.9806,0.0064,0.0037,0.0142,0.0
p_svae,SVAE-Crossbar-4b,Crossbar-4b,5,M2,p,0.5,3,0.9817,0.004,0.0023,0.0142,0.0
p_svae,SVAE-Crossbar-4b,Crossbar-4b,5,M2,p,0.6,3,0.9775,0.002,0.0012,0.0142,0.0
p_svae,SVAE-Crossbar-4b,Crossbar-4b,5,M2,p,0.75,3,0.9656,0.0005,0.0003,0.0142,0.0
p_svae,SVAE-Crossbar-4b,Crossbar-4b,5,M2,p,0.9,3,0.9742,0.0011,0.0006,0.0142,0.0
p_svae,SVAE-Crossbar-4b,Crossbar-4b,5,M2,p,1.0,3,0.9806,0.0152,0.0088,0.0142,0.0
p_svae,SVAE-Crossbar-8b,Crossbar-8b,5,M1,p,0.0,3,0.9993,0.0001,0.0001,0.0546,0.0
p_svae,SVAE-Crossbar-8b,Crossbar-8b,5,M1,p,0.1,3,0.9993,0.0001,0.0001,0.0546,0.0
p_svae,SVAE-Crossbar-8b,Crossbar-8b,5,M1,p,0.25,3,0.9989,0.0002,0.0001,0.0546,0.0
p_svae,SVAE-Crossbar-8b,Crossbar-8b,5,M1,p,0.4,3,0.9981,0.0003,0.0002,0.0546,0.0
p_svae,SVAE-Crossbar-8b,Crossbar-8b,5,M1,p,0.5,3,0.9976,0.0001,0.0001,0.0546,0.0
p_svae,SVAE-Crossbar-8b,Crossbar-8b,5,M1,p,0.6,3,0.9971,0.0004,0.0002,0.0546,0.0
p_svae,SVAE-Crossbar-8b,Crossbar-8b,5,M1,p,0.75,3,0.9962,0.0005,0.0003,0.0546,0.0
p_svae,SVAE-Crossbar-8b,Crossbar-8b,5,M1,p,0.9,3,0.9925,0.0005,0.0003,0.0546,0.0
p_svae,SVAE-Crossbar-8b,Crossbar-8b,5,M1,p,1.0,3,0.9935,0.0008,0.0005,0.0546,0.0
p_svae,SVAE-Crossbar-8b,Crossbar-8b,5,M2,p,0.0,3,0.9994,0.0001,0.0001,0.0535,0.0
p_svae,SVAE-Crossbar-8b,Crossbar-8b,5,M2,p,0.1,3,0.9988,0.0007,0.0004,0.0535,0.0
p_svae,SVAE-Crossbar-8b,Crossbar-8b,5,M2,p,0.25,3,0.9985,0.0008,0.0004,0.0535,0.0
p_svae,SVAE-Crossbar-8b,Crossbar-8b,5,M2,p,0.4,3,0.997,0.0018,0.0011,0.0535,0.0
p_svae,SVAE-Crossbar-8b,Crossbar-8b,5,M2,p,0.5,3,0.9962,0.0024,0.0014,0.0535,0.0
p_svae,SVAE-Crossbar-8b,Crossbar-8b,5,M2,p,0.6,3,0.992,0.0081,0.0047,0.0535,0.0
p_svae,SVAE-Crossbar-8b,Crossbar-8b,5,M2,p,0.75,3,0.9901,0.0057,0.0033,0.0535,0.0
p_svae,SVAE-Crossbar-8b,Crossbar-8b,5,M2,p,0.9,3,0.9898,0.005,0.0029,0.0535,0.0
p_svae,SVAE-Crossbar-8b,Crossbar-8b,5,M2,p,1.0,3,0.99,0.0032,0.0018,0.0535,0.0
p_svae,SVAE-Norse,Loihi,5,M1,p,0.0,3,0.994,0.0004,0.0002,0.1106,0.0
p_svae,SVAE-Norse,Loihi,5,M1,p,0.1,3,0.9937,0.0006,0.0003,0.1106,0.0
p_svae,SVAE-Norse,Loihi,5,M1,p,0.25,3,0.9937,0.0011,0.0007,0.1106,0.0
p_svae,SVAE-Norse,Loihi,5,M1,p,0.4,3,0.9893,0.0056,0.0032,0.1106,0.0
p_svae,SVAE-Norse,Loihi,5,M1,p,0.5,3,0.992,0.0017,0.001,0.1106,0.0
p_svae,SVAE-Norse,Loihi,5,M1,p,0.6,3,0.9877,0.0014,0.0008,0.1106,0.0
p_svae,SVAE-Norse,Loihi,5,M1,p,0.75,3,0.9831,0.0007,0.0004,0.1106,0.0
p_svae,SVAE-Norse,Loihi,5,M1,p,0.9,3,0.9795,0.0008,0.0005,0.1106,0.0
p_svae,SVAE-Norse,Loihi,5,M1,p,1.0,3,0.9847,0.0007,0.0004,0.1106,0.0
p_svae,SVAE-Norse,Loihi,5,M2,p,0.0,3,0.9941,0.0005,0.0003,0.1093,0.0
p_svae,SVAE-Norse,Loihi,5,M2,p,0.1,3,0.9941,0.0005,0.0003,0.1093,0.0
p_svae,SVAE-Norse,Loihi,5,M2,p,0.25,3,0.9934,0.0005,0.0003,0.1093,0.0
p_svae,SVAE-Norse,Loihi,5,M2,p,0.4,3,0.993,0.0002,0.0001,0.1093,0.0
p_svae,SVAE-Norse,Loihi,5,M2,p,0.5,3,0.9924,0.0006,0.0003,0.1093,0.0
p_svae,SVAE-Norse,Loihi,5,M2,p,0.6,3,0.9904,0.0005,0.0003,0.1093,0.0
p_svae,SVAE-Norse,Loihi,5,M2,p,0.75,3,0.985,0.0014,0.0008,0.1093,0.0
p_svae,SVAE-Norse,Loihi,5,M2,p,0.9,3,0.9799,0.0008,0.0004,0.1093,0.0
p_svae,SVAE-Norse,Loihi,5,M2,p,1.0,3,0.9856,0.0009,0.0005,0.1093,0.0
p_svae,VAE,GPU,5,M1,p,0.0,3,0.9988,0.0001,0.0,52.7008,0.0
p_svae,VAE,GPU,5,M1,p,0.1,3,0.9988,0.0,0.0,52.7008,0.0
p_svae,VAE,GPU,5,M1,p,0.25,3,0.9972,0.0003,0.0002,52.7008,0.0
p_svae,VAE,GPU,5,M1,p,0.4,3,0.9944,0.0004,0.0002,52.7008,0.0
p_svae,VAE,GPU,5,M1,p,0.5,3,0.9926,0.0006,0.0003,52.7008,0.0
p_svae,VAE,GPU,5,M1,p,0.6,3,0.9862,0.0007,0.0004,52.7008,0.0
p_svae,VAE,GPU,5,M1,p,0.75,3,0.9779,0.0014,0.0008,52.7008,0.0
p_svae,VAE,GPU,5,M1,p,0.9,3,0.9755,0.0009,0.0005,52.7008,0.0
p_svae,VAE,GPU,5,M1,p,1.0,3,0.985,0.0007,0.0004,52.7008,0.0
p_svae,VAE,GPU,5,M2,p,0.0,3,0.9988,0.0001,0.0,49.9309,0.0
p_svae,VAE,GPU,5,M2,p,0.1,3,0.9985,0.0,0.0,49.9309,0.0
p_svae,VAE,GPU,5,M2,p,0.25,3,0.9972,0.0003,0.0002,49.9309,0.0
p_svae,VAE,GPU,5,M2,p,0.4,3,0.9948,0.0005,0.0003,49.9309,0.0
p_svae,VAE,GPU,5,M2,p,0.5,3,0.9912,0.0007,0.0004,49.9309,0.0
p_svae,VAE,GPU,5,M2,p,0.6,3,0.987,0.0013,0.0008,49.9309,0.0
p_svae,VAE,GPU,5,M2,p,0.75,3,0.9771,0.001,0.0006,49.9309,0.0
p_svae,VAE,GPU,5,M2,p,0.9,3,0.9749,0.0008,0.0005,49.9309,0.0
p_svae,VAE,GPU,5,M2,p,1.0,3,0.9848,0.0013,0.0008,49.9309,0.0
t,SCNN-Crossbar-4b,Crossbar-4b,3,M1,T,2,3,0.0,0.0,0.0,0.0229,0.0
t,SCNN-Crossbar-4b,Crossbar-4b,3,M1,T,4,3,0.7067,0.065,0.0375,0.0458,0.0
t,SCNN-Crossbar-4b,Crossbar-4b,3,M1,T,8,3,0.832,0.0278,0.0161,0.0917,0.0
t,SCNN-Crossbar-4b,Crossbar-4b,3,M1,T,16,3,0.7556,0.0195,0.0113,0.1834,0.0
t,SCNN-Crossbar-4b,Crossbar-4b,3,M1,T,32,3,0.7351,0.013,0.0075,0.3668,0.0
t,SCNN-Crossbar-4b,Crossbar-4b,3,M1,T,64,3,0.7641,0.0084,0.0049,0.7336,0.0
t,SCNN-Crossbar-4b,Crossbar-4b,3,M1,T,128,3,0.745,0.0231,0.0133,1.4672,0.0
t,SCNN-Crossbar-4b,Crossbar-4b,3,M2,T,2,3,0.0,0.0,0.0,0.023,0.0
t,SCNN-Crossbar-4b,Crossbar-4b,3,M2,T,4,3,0.756,0.0571,0.033,0.0459,0.0
t,SCNN-Crossbar-4b,Crossbar-4b,3,M2,T,8,3,0.8577,0.0243,0.014,0.0918,0.0
t,SCNN-Crossbar-4b,Crossbar-4b,3,M2,T,16,3,0.8816,0.0447,0.0258,0.1837,0.0
t,SCNN-Crossbar-4b,Crossbar-4b,3,M2,T,32,3,0.8576,0.0215,0.0124,0.3673,0.0
t,SCNN-Crossbar-4b,Crossbar-4b,3,M2,T,64,3,0.8455,0.0237,0.0137,0.7346,0.0
t,SCNN-Crossbar-4b,Crossbar-4b,3,M2,T,128,3,0.8464,0.0446,0.0257,1.4692,0.0
t,SCNN-Crossbar-4b,Crossbar-4b,5,M1,T,2,3,0.0,0.0,0.0,0.0231,0.0
t,SCNN-Crossbar-4b,Crossbar-4b,5,M1,T,4,3,0.6572,0.1138,0.0657,0.0463,0.0
t,SCNN-Crossbar-4b,Crossbar-4b,5,M1,T,8,3,0.8081,0.0179,0.0103,0.0925,0.0
t,SCNN-Crossbar-4b,Crossbar-4b,5,M1,T,16,3,0.7629,0.0135,0.0078,0.185,0.0
t,SCNN-Crossbar-4b,Crossbar-4b,5,M1,T,32,3,0.7204,0.0054,0.0031,0.37,0.0
t,SCNN-Crossbar-4b,Crossbar-4b,5,M1,T,64,3,0.672,0.015,0.0087,0.7401,0.0
t,SCNN-Crossbar-4b,Crossbar-4b,5,M1,T,128,3,0.6749,0.0124,0.0072,1.4801,0.0
t,SCNN-Crossbar-4b,Crossbar-4b,5,M2,T,2,3,0.0,0.0,0.0,0.0246,0.0
t,SCNN-Crossbar-4b,Crossbar-4b,5,M2,T,4,3,0.7372,0.0488,0.0282,0.0492,0.0
t,SCNN-Crossbar-4b,Crossbar-4b,5,M2,T,8,3,0.8387,0.0253,0.0146,0.0984,0.0
t,SCNN-Crossbar-4b,Crossbar-4b,5,M2,T,16,3,0.8363,0.0193,0.0112,0.1968,0.0
t,SCNN-Crossbar-4b,Crossbar-4b,5,M2,T,32,3,0.8223,0.0172,0.0099,0.3936,0.0
t,SCNN-Crossbar-4b,Crossbar-4b,5,M2,T,64,3,0.8299,0.0219,0.0126,0.7872,0.0
t,SCNN-Crossbar-4b,Crossbar-4b,5,M2,T,128,3,0.8365,0.016,0.0093,1.5745,0.0
t,SCNN-Crossbar-4b,Crossbar-4b,8,M1,T,2,3,0.0,0.0,0.0,0.028,0.0
t,SCNN-Crossbar-4b,Crossbar-4b,8,M1,T,4,3,0.677,0.0985,0.0569,0.056,0.0
t,SCNN-Crossbar-4b,Crossbar-4b,8,M1,T,8,3,0.8188,0.012,0.0069,0.112,0.0
t,SCNN-Crossbar-4b,Crossbar-4b,8,M1,T,16,3,0.8164,0.0049,0.0028,0.224,0.0
t,SCNN-Crossbar-4b,Crossbar-4b,8,M1,T,32,3,0.7929,0.0173,0.01,0.448,0.0
t,SCNN-Crossbar-4b,Crossbar-4b,8,M1,T,64,3,0.7558,0.0106,0.0061,0.8959,0.0
t,SCNN-Crossbar-4b,Crossbar-4b,8,M1,T,128,3,0.7848,0.0161,0.0093,1.7918,0.0
t,SCNN-Crossbar-4b,Crossbar-4b,8,M2,T,2,3,0.0,0.0,0.0,0.2948,0.0
t,SCNN-Crossbar-4b,Crossbar-4b,8,M2,T,4,3,0.0,0.0,0.0,,
t,SCNN-Crossbar-4b,Crossbar-4b,8,M2,T,8,3,0.0,0.0,0.0,,
t,SCNN-Crossbar-4b,Crossbar-4b,8,M2,T,16,3,0.0,0.0,0.0,,
t,SCNN-Crossbar-4b,Crossbar-4b,8,M2,T,32,3,0.0,0.0,0.0,,
t,SCNN-Crossbar-4b,Crossbar-4b,8,M2,T,64,3,0.0,0.0,0.0,,
t,SCNN-Crossbar-4b,Crossbar-4b,8,M2,T,128,3,0.0,0.0,0.0,,
t,SCNN-Crossbar-8b,Crossbar-8b,3,M1,T,2,3,0.0,0.0,0.0,0.0867,0.0
t,SCNN-Crossbar-8b,Crossbar-8b,3,M1,T,4,3,0.0,0.0,0.0,0.1733,0.0
t,SCNN-Crossbar-8b,Crossbar-8b,3,M1,T,8,3,0.8226,0.0258,0.0149,0.3467,0.0
t,SCNN-Crossbar-8b,Crossbar-8b,3,M1,T,16,3,0.8327,0.0116,0.0067,0.6933,0.0
t,SCNN-Crossbar-8b,Crossbar-8b,3,M1,T,32,3,0.8236,0.0044,0.0026,1.3867,0.0
t,SCNN-Crossbar-8b,Crossbar-8b,3,M1,T,64,3,0.7966,0.0196,0.0113,2.7734,0.0
t,SCNN-Crossbar-8b,Crossbar-8b,3,M1,T,128,3,0.7781,0.0112,0.0065,5.5468,0.0
t,SCNN-Crossbar-8b,Crossbar-8b,3,M2,T,2,3,0.0,0.0,0.0,0.0867,0.0
t,SCNN-Crossbar-8b,Crossbar-8b,3,M2,T,4,3,0.1875,0.3248,0.1875,0.1734,0.0
t,SCNN-Crossbar-8b,Crossbar-8b,3,M2,T,8,3,0.8551,0.0606,0.035,0.3468,0.0
t,SCNN-Crossbar-8b,Crossbar-8b,3,M2,T,16,3,0.8242,0.0062,0.0036,0.6936,0.0
t,SCNN-Crossbar-8b,Crossbar-8b,3,M2,T,32,3,0.871,0.0433,0.025,1.3872,0.0
t,SCNN-Crossbar-8b,Crossbar-8b,3,M2,T,64,3,0.8811,0.0268,0.0155,2.7744,0.0
t,SCNN-Crossbar-8b,Crossbar-8b,3,M2,T,128,3,0.8599,0.0467,0.027,5.5488,0.0
t,SCNN-Crossbar-8b,Crossbar-8b,5,M1,T,2,3,0.0,0.0,0.0,0.0869,0.0
t,SCNN-Crossbar-8b,Crossbar-8b,5,M1,T,4,3,0.2127,0.1915,0.1106,0.1737,0.0
t,SCNN-Crossbar-8b,Crossbar-8b,5,M1,T,8,3,0.8165,0.0075,0.0043,0.3475,0.0
t,SCNN-Crossbar-8b,Crossbar-8b,5,M1,T,16,3,0.8033,0.0015,0.0009,0.695,0.0
t,SCNN-Crossbar-8b,Crossbar-8b,5,M1,T,32,3,0.7706,0.012,0.0069,1.3899,0.0
t,SCNN-Crossbar-8b,Crossbar-8b,5,M1,T,64,3,0.7354,0.0086,0.0049,2.7799,0.0
t,SCNN-Crossbar-8b,Crossbar-8b,5,M1,T,128,3,0.7177,0.0042,0.0024,5.5597,0.0
t,SCNN-Crossbar-8b,Crossbar-8b,5,M2,T,2,3,0.0,0.0,0.0,0.0883,0.0
t,SCNN-Crossbar-8b,Crossbar-8b,5,M2,T,4,3,0.349,0.2887,0.1667,0.1767,0.0
t,SCNN-Crossbar-8b,Crossbar-8b,5,M2,T,8,3,0.8303,0.0404,0.0233,0.3534,0.0
t,SCNN-Crossbar-8b,Crossbar-8b,5,M2,T,16,3,0.8713,0.0278,0.0161,0.7068,0.0
t,SCNN-Crossbar-8b,Crossbar-8b,5,M2,T,32,3,0.8457,0.0209,0.0121,1.4135,0.0
t,SCNN-Crossbar-8b,Crossbar-8b,5,M2,T,64,3,0.8331,0.0219,0.0127,2.8271,0.0
t,SCNN-Crossbar-8b,Crossbar-8b,5,M2,T,128,3,0.8413,0.0094,0.0054,5.6541,0.0
t,SCNN-Crossbar-8b,Crossbar-8b,8,M1,T,2,3,0.0,0.0,0.0,0.0917,0.0
t,SCNN-Crossbar-8b,Crossbar-8b,8,M1,T,4,3,0.3334,0.0298,0.0172,0.1835,0.0
t,SCNN-Crossbar-8b,Crossbar-8b,8,M1,T,8,3,0.8194,0.0018,0.001,0.367,0.0
t,SCNN-Crossbar-8b,Crossbar-8b,8,M1,T,16,3,0.8145,0.0032,0.0018,0.7339,0.0
t,SCNN-Crossbar-8b,Crossbar-8b,8,M1,T,32,3,0.8057,0.0023,0.0013,1.4679,0.0
t,SCNN-Crossbar-8b,Crossbar-8b,8,M1,T,64,3,0.7997,0.0056,0.0032,2.9357,0.0
t,SCNN-Crossbar-8b,Crossbar-8b,8,M1,T,128,3,0.7879,0.0081,0.0047,5.8714,0.0
t,SCNN-Crossbar-8b,Crossbar-8b,8,M2,T,2,3,0.0,0.0,0.0,0.3585,0.0
t,SCNN-Crossbar-8b,Crossbar-8b,8,M2,T,4,3,0.0,0.0,0.0,,
t,SCNN-Crossbar-8b,Crossbar-8b,8,M2,T,8,3,0.0,0.0,0.0,,
t,SCNN-Crossbar-8b,Crossbar-8b,8,M2,T,16,3,0.0,0.0,0.0,,
t,SCNN-Crossbar-8b,Crossbar-8b,8,M2,T,32,3,0.0,0.0,0.0,,
t,SCNN-Crossbar-8b,Crossbar-8b,8,M2,T,64,3,0.0,0.0,0.0,,
t,SCNN-Crossbar-8b,Crossbar-8b,8,M2,T,128,3,0.0,0.0,0.0,,
t,SCNN-Loihi,Loihi,3,M1,T,2,3,0.6955,0.0304,0.0176,0.0272,0.0
t,SCNN-Loihi,Loihi,3,M1,T,4,3,0.6901,0.0032,0.0018,0.0545,0.0
t,SCNN-Loihi,Loihi,3,M1,T,8,3,0.8113,0.1499,0.0866,0.109,0.0
t,SCNN-Loihi,Loihi,3,M1,T,16,3,0.878,0.007,0.004,0.218,0.0
t,SCNN-Loihi,Loihi,3,M1,T,32,3,0.8441,0.0103,0.006,0.4359,0.0
t,SCNN-Loihi,Loihi,3,M1,T,64,3,0.8384,0.0133,0.0077,0.8718,0.0
t,SCNN-Loihi,Loihi,3,M1,T,128,3,0.8251,0.0091,0.0053,1.7437,0.0
t,SCNN-Loihi,Loihi,3,M2,T,2,3,0.7025,0.021,0.0121,0.0285,0.0
t,SCNN-Loihi,Loihi,3,M2,T,4,3,0.6809,0.0422,0.0244,0.0571,0.0
t,SCNN-Loihi,Loihi,3,M2,T,8,3,0.9008,0.0118,0.0068,0.1141,0.0
t,SCNN-Loihi,Loihi,3,M2,T,16,3,0.8969,0.0246,0.0142,0.2283,0.0
t,SCNN-Loihi,Loihi,3,M2,T,32,3,0.8861,0.0119,0.0068,0.4565,0.0
t,SCNN-Loihi,Loihi,3,M2,T,64,3,0.8716,0.0427,0.0247,0.9131,0.0
t,SCNN-Loihi,Loihi,3,M2,T,128,3,0.9005,0.0397,0.0229,1.8261,0.0
t,SCNN-Loihi,Loihi,5,M1,T,2,3,0.5176,0.0081,0.0047,0.0661,0.0
t,SCNN-Loihi,Loihi,5,M1,T,4,3,0.5108,0.0044,0.0026,0.1321,0.0
t,SCNN-Loihi,Loihi,5,M1,T,8,3,0.8411,0.005,0.0029,0.2643,0.0
t,SCNN-Loihi,Loihi,5,M1,T,16,3,0.8306,0.0017,0.001,0.5285,0.0
t,SCNN-Loihi,Loihi,5,M1,T,32,3,0.8129,0.0033,0.0019,1.057,0.0
t,SCNN-Loihi,Loihi,5,M1,T,64,3,0.8161,0.0052,0.003,2.1141,0.0
t,SCNN-Loihi,Loihi,5,M1,T,128,3,0.813,0.0037,0.0021,4.2281,0.0
t,SCNN-Loihi,Loihi,5,M2,T,2,3,0.5133,0.0022,0.0013,0.1258,0.0
t,SCNN-Loihi,Loihi,5,M2,T,4,3,0.5268,0.0216,0.0125,0.2516,0.0
t,SCNN-Loihi,Loihi,5,M2,T,8,3,0.8519,0.008,0.0046,0.5031,0.0
t,SCNN-Loihi,Loihi,5,M2,T,16,3,0.844,0.0147,0.0085,1.0063,0.0
t,SCNN-Loihi,Loihi,5,M2,T,32,3,0.813,0.0158,0.0091,2.0126,0.0
t,SCNN-Loihi,Loihi,5,M2,T,64,3,0.8313,0.0271,0.0156,4.0251,0.0
t,SCNN-Loihi,Loihi,5,M2,T,128,3,0.8213,0.0111,0.0064,8.0502,0.0
t,SCNN-Loihi,Loihi,8,M1,T,2,3,0.4133,0.0006,0.0003,1.2979,0.0
t,SCNN-Loihi,Loihi,8,M1,T,4,3,0.502,0.0,0.0,2.5958,0.0
t,SCNN-Loihi,Loihi,8,M1,T,8,3,0.8289,0.0025,0.0014,5.1917,0.0
t,SCNN-Loihi,Loihi,8,M1,T,16,3,0.8185,0.0016,0.0009,10.3834,0.0
t,SCNN-Loihi,Loihi,8,M1,T,32,3,0.814,0.0025,0.0015,20.7668,0.0
t,SCNN-Loihi,Loihi,8,M1,T,64,3,0.8097,0.0023,0.0013,41.5336,0.0
t,SCNN-Loihi,Loihi,8,M1,T,128,3,0.8043,0.0034,0.002,83.0671,0.0
t,SCNN-Loihi,Loihi,8,M2,T,2,3,0.4145,0.0006,0.0004,12.1016,0.0
t,SCNN-Loihi,Loihi,8,M2,T,4,3,0.4334,0.017,0.0098,24.2032,0.0
t,SCNN-Loihi,Loihi,8,M2,T,8,3,0.6849,0.0031,0.0018,48.4064,0.0
t,SCNN-Loihi,Loihi,8,M2,T,16,3,0.6756,0.0019,0.0011,96.8129,0.0
t,SCNN-Loihi,Loihi,8,M2,T,32,3,0.6643,0.0098,0.0056,193.6258,0.0
t,SCNN-Loihi,Loihi,8,M2,T,64,3,0.6701,0.008,0.0046,387.2516,0.0
t,SCNN-Loihi,Loihi,8,M2,T,128,3,0.6576,0.0059,0.0034,774.5032,0.0
